id,title,h_a,xG,xGA,npxG,npxGA,ppda,ppda_allowed,deep,deep_allowed,scored,missed,xpts,result,date,wins,draws,loses,pts,npxGD,title_new,team_short
71,Aston Villa,h,0.80527,0.849709,0.80527,0.0885404,"{'att': 89, 'def': 20}","{'att': 247, 'def': 14}",17,2,1,0,1.1601,w,2020-09-21,1,0,0,3,0.7167296000000001,Aston Villa,AVL
71,Aston Villa,a,2.03222,0.534675,2.03222,0.534675,"{'att': 307, 'def': 33}","{'att': 143, 'def': 24}",10,5,3,0,2.4631,w,2020-09-28,1,0,0,3,1.4975450000000001,Aston Villa,AVL
71,Aston Villa,h,3.07626,1.65705,3.07626,1.65705,"{'att': 365, 'def': 25}","{'att': 119, 'def': 25}",7,18,7,2,2.2569,w,2020-10-04,1,0,0,3,1.41921,Aston Villa,AVL
71,Aston Villa,a,0.873776,0.671595,0.873776,0.671595,"{'att': 212, 'def': 23}","{'att': 210, 'def': 24}",7,4,1,0,1.5291,w,2020-10-18,1,0,0,3,0.20218099999999994,Aston Villa,AVL
71,Aston Villa,h,1.50125,2.37695,1.50125,2.37695,"{'att': 225, 'def': 17}","{'att': 124, 'def': 34}",7,20,0,3,0.8236000000000001,l,2020-10-23,0,0,1,0,-0.8756999999999999,Aston Villa,AVL
71,Aston Villa,h,2.44855,1.00333,1.68738,1.00333,"{'att': 161, 'def': 23}","{'att': 164, 'def': 22}",5,2,3,4,2.3854,l,2020-11-01,0,0,1,0,0.68405,Aston Villa,AVL
71,Aston Villa,a,1.98553,1.39037,1.98553,1.39037,"{'att': 331, 'def': 24}","{'att': 169, 'def': 15}",16,6,3,0,1.8074,w,2020-11-08,1,0,0,3,0.5951599999999999,Aston Villa,AVL
71,Aston Villa,h,1.76514,1.50038,1.76514,1.50038,"{'att': 257, 'def': 14}","{'att': 208, 'def': 17}",6,4,1,2,1.6157,l,2020-11-21,0,0,1,0,0.2647599999999999,Aston Villa,AVL
71,Aston Villa,a,2.39051,0.571633,1.62934,0.571633,"{'att': 144, 'def': 11}","{'att': 289, 'def': 23}",8,2,1,2,2.6792,l,2020-11-30,0,0,1,0,1.0577070000000002,Aston Villa,AVL
71,Aston Villa,a,1.26872,1.1356,0.507552,1.1356,"{'att': 162, 'def': 28}","{'att': 166, 'def': 20}",5,6,1,0,1.4946,w,2020-12-12,1,0,0,3,-0.6280479999999999,Aston Villa,AVL
71,Aston Villa,h,1.81142,0.316737,1.81142,0.316737,"{'att': 111, 'def': 21}","{'att': 179, 'def': 31}",9,1,0,0,2.4833,d,2020-12-17,0,1,0,1,1.494683,Aston Villa,AVL
71,Aston Villa,a,2.61964,0.0388442,1.85847,0.0388442,"{'att': 142, 'def': 17}","{'att': 272, 'def': 19}",12,1,3,0,2.9518999999999997,w,2020-12-20,1,0,0,3,1.8196258,Aston Villa,AVL
71,Aston Villa,h,4.58214,0.849086,4.58214,0.849086,"{'att': 246, 'def': 25}","{'att': 106, 'def': 14}",9,12,3,0,2.9483,w,2020-12-26,1,0,0,3,3.733054,Aston Villa,AVL
71,Aston Villa,a,0.730859,1.53701,0.730859,1.53701,"{'att': 322, 'def': 19}","{'att': 144, 'def': 28}",6,8,1,1,0.6555,d,2020-12-28,0,1,0,1,-0.806151,Aston Villa,AVL
71,Aston Villa,a,1.56434,2.46473,1.56434,1.70357,"{'att': 214, 'def': 20}","{'att': 213, 'def': 28}",5,10,1,2,0.7895,l,2021-01-01,0,0,1,0,-0.13922999999999996,Aston Villa,AVL
71,Aston Villa,a,0.601768,3.34385,0.601768,2.58268,"{'att': 312, 'def': 14}","{'att': 140, 'def': 17}",3,21,0,2,0.09839999999999999,l,2021-01-20,0,0,1,0,-1.980912,Aston Villa,AVL
71,Aston Villa,h,2.6026,0.400364,2.6026,0.400364,"{'att': 190, 'def': 24}","{'att': 338, 'def': 21}",7,2,2,0,2.7983000000000002,w,2021-01-23,1,0,0,3,2.2022359999999996,Aston Villa,AVL
71,Aston Villa,a,2.70718,0.717681,2.70718,0.717681,"{'att': 97, 'def': 8}","{'att': 242, 'def': 30}",7,2,2,3,2.6656,l,2021-01-27,0,0,1,0,1.9894990000000001,Aston Villa,AVL
71,Aston Villa,a,0.795508,2.22557,0.795508,2.22557,"{'att': 274, 'def': 26}","{'att': 145, 'def': 16}",4,17,1,0,0.4084,w,2021-01-30,1,0,0,3,-1.430062,Aston Villa,AVL
71,Aston Villa,h,0.741154,1.79064,0.741154,1.79064,"{'att': 170, 'def': 22}","{'att': 259, 'def': 15}",7,6,1,3,0.6338,l,2021-02-03,0,0,1,0,-1.049486,Aston Villa,AVL
71,Aston Villa,h,1.19792,0.679649,1.19792,0.679649,"{'att': 309, 'def': 15}","{'att': 135, 'def': 22}",5,14,1,0,1.7979,w,2021-02-06,1,0,0,3,0.5182710000000001,Aston Villa,AVL
71,Aston Villa,a,0.144036,2.33232,0.144036,2.33232,"{'att': 245, 'def': 15}","{'att': 192, 'def': 22}",4,16,0,0,0.1071,d,2021-02-13,0,1,0,1,-2.1882840000000003,Aston Villa,AVL
71,Aston Villa,h,1.7084,1.23852,1.7084,1.23852,"{'att': 235, 'def': 17}","{'att': 226, 'def': 25}",5,6,1,2,1.7764000000000002,l,2021-02-21,0,0,1,0,0.46987999999999985,Aston Villa,AVL
71,Aston Villa,a,0.876255,1.00106,0.876255,1.00106,"{'att': 285, 'def': 25}","{'att': 89, 'def': 20}",1,6,1,0,1.2084000000000001,w,2021-02-27,1,0,0,3,-0.12480500000000005,Aston Villa,AVL
71,Aston Villa,a,1.44176,0.716254,1.44176,0.716254,"{'att': 129, 'def': 9}","{'att': 336, 'def': 23}",16,5,0,1,1.963,l,2021-03-03,0,0,1,0,0.725506,Aston Villa,AVL
72,Everton,a,1.26793,0.822944,1.26793,0.822944,"{'att': 309, 'def': 19}","{'att': 374, 'def': 33}",5,9,1,0,1.7446000000000002,w,2020-09-13,1,0,0,3,0.444986,Everton,EVE
72,Everton,h,4.16254,0.315347,4.16254,0.315347,"{'att': 191, 'def': 21}","{'att': 581, 'def': 14}",6,6,5,2,2.9941,w,2020-09-19,1,0,0,3,3.847193,Everton,EVE
72,Everton,a,2.27189,0.443115,1.51072,0.443115,"{'att': 168, 'def': 23}","{'att': 349, 'def': 29}",3,4,2,1,2.6964000000000006,w,2020-09-26,1,0,0,3,1.0676050000000001,Everton,EVE
72,Everton,h,2.34034,1.16568,2.34034,1.16568,"{'att': 299, 'def': 33}","{'att': 275, 'def': 30}",10,7,4,2,2.2643,w,2020-10-03,1,0,0,3,1.1746599999999998,Everton,EVE
72,Everton,h,1.35998,2.49492,1.35998,2.49492,"{'att': 282, 'def': 20}","{'att': 218, 'def': 25}",2,13,2,2,0.6754,d,2020-10-17,0,1,0,1,-1.13494,Everton,EVE
72,Everton,a,0.287054,0.74151,0.287054,0.74151,"{'att': 409, 'def': 35}","{'att': 333, 'def': 24}",6,6,0,2,0.8175000000000001,l,2020-10-25,0,0,1,0,-0.454456,Everton,EVE
72,Everton,a,1.21805,2.6311,1.21805,1.86993,"{'att': 211, 'def': 24}","{'att': 411, 'def': 12}",8,5,1,2,0.39149999999999996,l,2020-11-01,0,0,1,0,-0.65188,Everton,EVE
72,Everton,h,0.376464,1.59642,0.376464,1.59642,"{'att': 254, 'def': 20}","{'att': 319, 'def': 26}",9,7,1,3,0.41380000000000006,l,2020-11-07,0,0,1,0,-1.2199559999999998,Everton,EVE
72,Everton,a,2.2508,1.87028,2.2508,1.10911,"{'att': 286, 'def': 21}","{'att': 286, 'def': 27}",9,9,3,2,1.6539,w,2020-11-22,1,0,0,3,1.1416899999999999,Everton,EVE
72,Everton,h,1.29229,3.11324,1.29229,3.11324,"{'att': 311, 'def': 19}","{'att': 205, 'def': 32}",6,12,0,1,0.36869999999999997,l,2020-11-28,0,0,1,0,-1.8209499999999998,Everton,EVE
72,Everton,a,2.28139,0.730434,2.28139,0.730434,"{'att': 210, 'def': 28}","{'att': 377, 'def': 23}",10,6,1,1,2.5509000000000004,d,2020-12-05,0,1,0,1,1.550956,Everton,EVE
72,Everton,h,1.2216,1.00627,0.460428,1.00627,"{'att': 375, 'def': 20}","{'att': 103, 'def': 25}",2,6,1,0,1.5519,w,2020-12-12,1,0,0,3,-0.5458419999999999,Everton,EVE
72,Everton,a,1.51486,0.83883,1.51486,0.83883,"{'att': 347, 'def': 13}","{'att': 195, 'def': 28}",3,6,2,0,2.0143,w,2020-12-16,1,0,0,3,0.6760300000000001,Everton,EVE
72,Everton,h,0.661744,1.25206,0.661744,0.490894,"{'att': 313, 'def': 10}","{'att': 229, 'def': 17}",1,11,2,1,0.7474999999999999,w,2020-12-19,1,0,0,3,0.17085,Everton,EVE
72,Everton,a,0.568803,1.25106,0.568803,1.25106,"{'att': 201, 'def': 18}","{'att': 323, 'def': 30}",8,3,1,0,0.6396,w,2020-12-26,1,0,0,3,-0.6822570000000001,Everton,EVE
72,Everton,h,0.371045,1.19713,0.371045,1.19713,"{'att': 202, 'def': 18}","{'att': 348, 'def': 20}",5,4,0,1,0.5598000000000001,l,2021-01-01,0,0,1,0,-0.826085,Everton,EVE
72,Everton,a,0.323445,0.852495,0.323445,0.852495,"{'att': 332, 'def': 18}","{'att': 317, 'def': 21}",9,4,2,1,0.7932,w,2021-01-12,1,0,0,3,-0.52905,Everton,EVE
72,Everton,h,0.474981,0.792045,0.474981,0.792045,"{'att': 341, 'def': 14}","{'att': 156, 'def': 25}",2,8,1,1,1.0066000000000002,d,2021-01-27,0,1,0,1,-0.317064,Everton,EVE
72,Everton,h,0.966012,2.08832,0.966012,2.08832,"{'att': 134, 'def': 20}","{'att': 310, 'def': 11}",9,5,0,2,0.6102,l,2021-01-30,0,0,1,0,-1.1223079999999999,Everton,EVE
72,Everton,a,1.91539,1.14303,1.91539,1.14303,"{'att': 291, 'def': 20}","{'att': 174, 'def': 31}",2,10,2,1,2.0048000000000004,w,2021-02-03,1,0,0,3,0.7723599999999999,Everton,EVE
72,Everton,a,1.5571,1.71769,1.5571,1.71769,"{'att': 351, 'def': 10}","{'att': 256, 'def': 24}",3,6,3,3,1.2441,d,2021-02-06,0,1,0,1,-0.16059,Everton,EVE
72,Everton,h,0.314075,2.55085,0.314075,2.55085,"{'att': 289, 'def': 22}","{'att': 353, 'def': 30}",1,9,0,2,0.06849999999999999,l,2021-02-14,0,0,1,0,-2.236775,Everton,EVE
72,Everton,h,1.04664,1.23218,1.04664,1.23218,"{'att': 432, 'def': 16}","{'att': 173, 'def': 17}",2,9,1,3,1.2189,l,2021-02-17,0,0,1,0,-0.18554000000000004,Everton,EVE
72,Everton,a,2.01468,1.54046,1.25352,1.54046,"{'att': 379, 'def': 18}","{'att': 130, 'def': 20}",1,14,2,0,1.7409000000000001,w,2021-02-20,1,0,0,3,-0.28694,Everton,EVE
72,Everton,h,1.42054,0.665743,1.42054,0.665743,"{'att': 275, 'def': 27}","{'att': 249, 'def': 31}",5,3,1,0,2.0606,w,2021-03-01,1,0,0,3,0.7547969999999999,Everton,EVE
72,Everton,a,1.40789,1.02038,1.40789,1.02038,"{'att': 248, 'def': 21}","{'att': 315, 'def': 19}",8,7,1,0,1.6999999999999997,w,2021-03-04,1,0,0,3,0.38751,Everton,EVE
74,Southampton,a,1.26267,1.39569,1.26267,1.39569,"{'att': 83, 'def': 23}","{'att': 312, 'def': 18}",14,1,0,1,1.2208,l,2020-09-12,0,0,1,0,-0.13302000000000014,Southampton,SOU
74,Southampton,h,2.27708,2.28004,1.51591,2.28004,"{'att': 234, 'def': 27}","{'att': 248, 'def': 23}",4,3,2,5,1.3364,l,2020-09-20,0,0,1,0,-0.76413,Southampton,SOU
74,Southampton,a,0.706632,0.347136,0.706632,0.347136,"{'att': 275, 'def': 20}","{'att': 230, 'def': 28}",6,9,1,0,1.71,w,2020-09-26,1,0,0,3,0.35949600000000004,Southampton,SOU
74,Southampton,h,0.949079,0.161283,0.949079,0.161283,"{'att': 163, 'def': 32}","{'att': 301, 'def': 19}",6,1,2,0,2.1162,w,2020-10-04,1,0,0,3,0.7877959999999999,Southampton,SOU
74,Southampton,a,1.42348,1.98708,1.42348,1.98708,"{'att': 336, 'def': 23}","{'att': 251, 'def': 23}",5,11,3,3,0.8833,d,2020-10-17,0,1,0,1,-0.5635999999999999,Southampton,SOU
74,Southampton,h,0.74151,0.287054,0.74151,0.287054,"{'att': 333, 'def': 24}","{'att': 409, 'def': 35}",6,6,2,0,1.7526,w,2020-10-25,1,0,0,3,0.454456,Southampton,SOU
74,Southampton,a,1.00333,2.44855,1.00333,1.68738,"{'att': 164, 'def': 22}","{'att': 161, 'def': 23}",2,5,4,3,0.4426,w,2020-11-01,1,0,0,3,-0.68405,Southampton,SOU
74,Southampton,h,0.985828,0.175633,0.985828,0.175633,"{'att': 199, 'def': 35}","{'att': 335, 'def': 20}",4,0,2,0,2.1004,w,2020-11-06,1,0,0,3,0.810195,Southampton,SOU
74,Southampton,a,1.0785,1.57479,1.0785,1.57479,"{'att': 235, 'def': 19}","{'att': 335, 'def': 27}",10,5,1,1,0.9612,d,2020-11-23,0,1,0,1,-0.4962899999999999,Southampton,SOU
74,Southampton,h,0.498783,2.47547,0.498783,2.47547,"{'att': 287, 'def': 27}","{'att': 335, 'def': 28}",0,9,2,3,0.22610000000000002,l,2020-11-29,0,0,1,0,-1.976687,Southampton,SOU
74,Southampton,a,1.34801,2.03376,0.586839,1.27259,"{'att': 188, 'def': 31}","{'att': 206, 'def': 22}",5,9,2,1,0.8063,w,2020-12-07,1,0,0,3,-0.6857510000000001,Southampton,SOU
74,Southampton,h,2.27973,0.219115,2.27973,0.219115,"{'att': 94, 'def': 18}","{'att': 370, 'def': 28}",7,1,3,0,2.7797,w,2020-12-13,1,0,0,3,2.060615,Southampton,SOU
74,Southampton,a,1.11296,0.661135,1.11296,0.661135,"{'att': 207, 'def': 22}","{'att': 342, 'def': 20}",11,6,1,1,1.7655,d,2020-12-16,0,1,0,1,0.4518249999999999,Southampton,SOU
74,Southampton,h,0.586972,1.15599,0.586972,1.15599,"{'att': 340, 'def': 28}","{'att': 314, 'def': 24}",7,8,0,1,0.7936,l,2020-12-19,0,0,1,0,-0.569018,Southampton,SOU
74,Southampton,a,0.119709,0.781855,0.119709,0.781855,"{'att': 158, 'def': 35}","{'att': 224, 'def': 26}",0,6,0,0,0.5729,d,2020-12-26,0,1,0,1,-0.662146,Southampton,SOU
74,Southampton,h,0.670996,1.07246,0.670996,1.07246,"{'att': 150, 'def': 19}","{'att': 321, 'def': 19}",7,7,0,0,0.9229,d,2020-12-29,0,1,0,1,-0.40146399999999993,Southampton,SOU
74,Southampton,h,0.500436,1.37204,0.500436,1.37204,"{'att': 368, 'def': 19}","{'att': 185, 'def': 31}",2,21,1,0,0.6221,w,2021-01-04,1,0,0,3,-0.8716039999999999,Southampton,SOU
74,Southampton,a,0.378147,2.12019,0.378147,2.12019,"{'att': 219, 'def': 23}","{'att': 275, 'def': 28}",5,9,0,2,0.251,l,2021-01-16,0,0,1,0,-1.742043,Southampton,SOU
74,Southampton,h,0.99504,2.4339,0.99504,2.4339,"{'att': 167, 'def': 25}","{'att': 326, 'def': 20}",1,7,1,3,0.3914,l,2021-01-26,0,0,1,0,-1.43886,Southampton,SOU
74,Southampton,h,2.22557,0.795508,2.22557,0.795508,"{'att': 145, 'def': 16}","{'att': 274, 'def': 26}",17,4,0,1,2.4133,l,2021-01-30,0,0,1,0,1.430062,Southampton,SOU
74,Southampton,a,0.507893,5.0325,0.507893,4.27133,"{'att': 232, 'def': 16}","{'att': 123, 'def': 27}",2,23,0,9,0.0102,l,2021-02-02,0,0,1,0,-3.7634369999999997,Southampton,SOU
74,Southampton,a,1.43445,0.910553,1.43445,0.910553,"{'att': 75, 'def': 26}","{'att': 270, 'def': 15}",8,6,2,3,1.7691,l,2021-02-06,0,0,1,0,0.5238970000000001,Southampton,SOU
74,Southampton,h,0.8536,1.09361,0.8536,0.33244,"{'att': 242, 'def': 21}","{'att': 292, 'def': 19}",6,3,1,2,1.0531000000000001,l,2021-02-14,0,0,1,0,0.5211600000000001,Southampton,SOU
74,Southampton,h,0.496603,1.44849,0.496603,0.687319,"{'att': 474, 'def': 28}","{'att': 146, 'def': 35}",0,10,1,1,0.4658,d,2021-02-20,0,1,0,1,-0.190716,Southampton,SOU
74,Southampton,a,1.47981,1.84753,1.47981,1.84753,"{'att': 181, 'def': 28}","{'att': 195, 'def': 29}",5,10,0,3,1.1264,l,2021-02-23,0,0,1,0,-0.3677199999999998,Southampton,SOU
74,Southampton,a,0.665743,1.42054,0.665743,1.42054,"{'att': 249, 'def': 31}","{'att': 275, 'def': 27}",3,5,0,1,0.6473,l,2021-03-01,0,0,1,0,-0.7547969999999999,Southampton,SOU
75,Leicester,a,2.95581,0.352997,1.43347,0.352997,"{'att': 179, 'def': 17}","{'att': 363, 'def': 19}",3,6,3,0,2.9074,w,2020-09-13,1,0,0,3,1.080473,Leicester,LEI
75,Leicester,h,0.987365,1.52404,0.987365,1.52404,"{'att': 127, 'def': 17}","{'att': 338, 'def': 21}",14,6,4,2,0.9512,w,2020-09-20,1,0,0,3,-0.536675,Leicester,LEI
75,Leicester,a,2.86721,1.44633,0.583704,1.44633,"{'att': 301, 'def': 12}","{'att': 144, 'def': 27}",3,5,5,2,2.4334,w,2020-09-27,1,0,0,3,-0.8626259999999999,Leicester,LEI
75,Leicester,h,0.456022,2.03227,0.456022,2.03227,"{'att': 161, 'def': 22}","{'att': 376, 'def': 11}",2,3,0,3,0.3094,l,2020-10-04,0,0,1,0,-1.576248,Leicester,LEI
75,Leicester,h,0.671595,0.873776,0.671595,0.873776,"{'att': 210, 'def': 24}","{'att': 212, 'def': 23}",4,7,0,1,1.1142,l,2020-10-18,0,0,1,0,-0.20218099999999994,Leicester,LEI
75,Leicester,a,0.736172,0.73944,0.736172,0.73944,"{'att': 367, 'def': 14}","{'att': 264, 'def': 24}",2,5,1,0,1.3486,w,2020-10-25,1,0,0,3,-0.0032679999999999376,Leicester,LEI
75,Leicester,a,3.07657,1.74822,2.3154,1.74822,"{'att': 369, 'def': 10}","{'att': 155, 'def': 23}",5,7,4,1,2.3016,w,2020-11-02,1,0,0,3,0.5671799999999998,Leicester,LEI
75,Leicester,h,2.0545,0.57936,0.532166,0.57936,"{'att': 296, 'def': 20}","{'att': 261, 'def': 10}",1,6,1,0,2.5842,w,2020-11-08,1,0,0,3,-0.04719399999999996,Leicester,LEI
75,Leicester,a,1.98397,3.77245,1.98397,3.77245,"{'att': 380, 'def': 21}","{'att': 240, 'def': 29}",8,9,0,3,0.44609999999999994,l,2020-11-22,0,0,1,0,-1.78848,Leicester,LEI
75,Leicester,h,1.27814,2.03719,1.27814,1.27602,"{'att': 136, 'def': 24}","{'att': 384, 'def': 22}",9,7,1,2,0.7869999999999999,l,2020-11-30,0,0,1,0,0.002120000000000122,Leicester,LEI
75,Leicester,a,1.3904,0.290743,1.3904,0.290743,"{'att': 111, 'def': 20}","{'att': 366, 'def': 21}",5,3,2,1,2.3325,w,2020-12-06,1,0,0,3,1.099657,Leicester,LEI
75,Leicester,h,1.64351,0.791673,1.64351,0.791673,"{'att': 248, 'def': 19}","{'att': 263, 'def': 28}",11,5,3,0,2.0698999999999996,w,2020-12-13,1,0,0,3,0.8518370000000001,Leicester,LEI
75,Leicester,h,0.83883,1.51486,0.83883,1.51486,"{'att': 195, 'def': 28}","{'att': 347, 'def': 13}",6,3,0,2,0.6886,l,2020-12-16,0,0,1,0,-0.6760300000000001,Leicester,LEI
75,Leicester,a,1.74772,0.945932,0.986554,0.945932,"{'att': 271, 'def': 23}","{'att': 199, 'def': 21}",13,5,2,0,2.0111999999999997,w,2020-12-20,1,0,0,3,0.04062200000000005,Leicester,LEI
75,Leicester,h,1.0396,2.08423,1.0396,2.08423,"{'att': 279, 'def': 27}","{'att': 287, 'def': 31}",1,6,2,2,0.6244,d,2020-12-26,0,1,0,1,-1.0446299999999997,Leicester,LEI
75,Leicester,a,1.72132,0.321348,0.960152,0.321348,"{'att': 138, 'def': 25}","{'att': 374, 'def': 16}",4,1,1,1,2.5497,d,2020-12-28,0,1,0,1,0.6388039999999999,Leicester,LEI
75,Leicester,a,0.702081,0.264584,0.702081,0.264584,"{'att': 183, 'def': 29}","{'att': 311, 'def': 23}",6,1,2,1,1.774,w,2021-01-03,1,0,0,3,0.43749699999999997,Leicester,LEI
75,Leicester,h,2.12019,0.378147,2.12019,0.378147,"{'att': 275, 'def': 28}","{'att': 219, 'def': 23}",9,5,2,0,2.6108,w,2021-01-16,1,0,0,3,1.742043,Leicester,LEI
75,Leicester,h,1.1449,0.615727,1.1449,0.615727,"{'att': 397, 'def': 22}","{'att': 188, 'def': 22}",9,7,2,0,1.8511,w,2021-01-19,1,0,0,3,0.529173,Leicester,LEI
75,Leicester,a,0.792045,0.474981,0.792045,0.474981,"{'att': 156, 'def': 25}","{'att': 341, 'def': 14}",8,2,1,1,1.6051000000000002,d,2021-01-27,0,1,0,1,0.317064,Leicester,LEI
75,Leicester,h,1.73432,1.8141,1.73432,1.8141,"{'att': 229, 'def': 28}","{'att': 217, 'def': 30}",6,4,1,3,1.3044,l,2021-01-31,0,0,1,0,-0.07977999999999996,Leicester,LEI
75,Leicester,a,1.71299,0.731288,1.71299,0.731288,"{'att': 361, 'def': 19}","{'att': 253, 'def': 33}",6,10,2,0,2.2877,w,2021-02-03,1,0,0,3,0.981702,Leicester,LEI
75,Leicester,a,0.632232,1.35506,0.632232,1.35506,"{'att': 254, 'def': 34}","{'att': 341, 'def': 23}",10,7,0,0,0.7269,d,2021-02-07,0,1,0,1,-0.7228279999999999,Leicester,LEI
75,Leicester,h,2.07383,1.68325,2.07383,1.68325,"{'att': 310, 'def': 23}","{'att': 227, 'def': 30}",2,12,3,1,1.6653,w,2021-02-13,1,0,0,3,0.39058000000000015,Leicester,LEI
75,Leicester,a,1.23852,1.7084,1.23852,1.7084,"{'att': 226, 'def': 25}","{'att': 235, 'def': 17}",6,5,2,1,0.9439,w,2021-02-21,1,0,0,3,-0.46987999999999985,Leicester,LEI
75,Leicester,h,0.533575,2.1065,0.533575,1.34533,"{'att': 274, 'def': 25}","{'att': 244, 'def': 10}",3,7,1,3,0.1895,l,2021-02-28,0,0,1,0,-0.8117549999999999,Leicester,LEI
75,Leicester,a,1.24109,1.26793,1.24109,1.26793,"{'att': 133, 'def': 14}","{'att': 339, 'def': 18}",6,7,1,1,1.311,d,2021-03-03,0,1,0,1,-0.026839999999999975,Leicester,LEI
76,West Bromwich Albion,h,0.352997,2.95581,0.352997,1.43347,"{'att': 363, 'def': 19}","{'att': 179, 'def': 17}",6,3,0,3,0.0568,l,2020-09-13,0,0,1,0,-1.080473,West Brom,WBA
76,West Bromwich Albion,a,0.315347,4.16254,0.315347,4.16254,"{'att': 581, 'def': 14}","{'att': 191, 'def': 21}",6,6,2,5,0.0037,l,2020-09-19,0,0,1,0,-3.847193,West Brom,WBA
76,West Bromwich Albion,h,0.911185,2.36046,0.911185,2.36046,"{'att': 449, 'def': 11}","{'att': 113, 'def': 25}",3,12,3,3,0.40570000000000006,d,2020-09-26,0,1,0,1,-1.4492749999999996,West Brom,WBA
76,West Bromwich Albion,a,0.161283,0.949079,0.161283,0.949079,"{'att': 301, 'def': 19}","{'att': 163, 'def': 32}",1,6,0,2,0.5202,l,2020-10-04,0,0,1,0,-0.7877959999999999,West Brom,WBA
76,West Bromwich Albion,h,0.731692,1.08532,0.731692,1.08532,"{'att': 165, 'def': 20}","{'att': 253, 'def': 19}",3,2,0,0,0.9921,d,2020-10-19,0,1,0,1,-0.35362800000000005,West Brom,WBA
76,West Bromwich Albion,a,0.295654,0.546807,0.295654,0.546807,"{'att': 274, 'def': 19}","{'att': 257, 'def': 24}",4,4,1,1,0.9414,d,2020-10-26,0,1,0,1,-0.25115300000000007,West Brom,WBA
76,West Bromwich Albion,a,0.482685,1.62247,0.482685,1.62247,"{'att': 187, 'def': 37}","{'att': 287, 'def': 23}",3,4,0,2,0.4562,l,2020-11-02,0,0,1,0,-1.139785,West Brom,WBA
76,West Bromwich Albion,h,0.799352,1.87063,0.799352,1.87063,"{'att': 263, 'def': 16}","{'att': 142, 'def': 19}",6,4,0,1,0.579,l,2020-11-08,0,0,1,0,-1.071278,West Brom,WBA
76,West Bromwich Albion,a,0.438646,2.42994,0.438646,1.66881,"{'att': 324, 'def': 30}","{'att': 221, 'def': 29}",2,20,0,1,0.1638,l,2020-11-21,0,0,1,0,-1.2301639999999998,West Brom,WBA
76,West Bromwich Albion,h,1.71644,3.36544,1.71644,3.36544,"{'att': 182, 'def': 19}","{'att': 198, 'def': 15}",6,11,1,0,0.4776,w,2020-11-28,1,0,0,3,-1.649,West Brom,WBA
76,West Bromwich Albion,h,0.567234,1.68656,0.567234,1.68656,"{'att': 259, 'def': 17}","{'att': 307, 'def': 25}",7,14,1,5,0.53,l,2020-12-06,0,0,1,0,-1.119326,West Brom,WBA
76,West Bromwich Albion,a,0.57319,0.904163,0.57319,0.904163,"{'att': 230, 'def': 20}","{'att': 254, 'def': 10}",4,5,1,2,1.0030000000000001,l,2020-12-12,0,0,1,0,-0.3309730000000001,West Brom,WBA
76,West Bromwich Albion,a,0.210243,2.58593,0.210243,2.58593,"{'att': 315, 'def': 9}","{'att': 97, 'def': 14}",0,16,1,1,0.1102,d,2020-12-15,0,1,0,1,-2.3756869999999997,West Brom,WBA
76,West Bromwich Albion,h,0.0388442,2.61964,0.0388442,1.85847,"{'att': 272, 'def': 19}","{'att': 142, 'def': 17}",1,12,0,3,0.0251,l,2020-12-20,0,0,1,0,-1.8196258,West Brom,WBA
76,West Bromwich Albion,a,0.739845,1.45485,0.739845,1.45485,"{'att': 312, 'def': 8}","{'att': 75, 'def': 23}",1,18,1,1,0.7865,d,2020-12-27,0,1,0,1,-0.715005,West Brom,WBA
76,West Bromwich Albion,h,0.43551,1.54225,0.43551,1.54225,"{'att': 482, 'def': 14}","{'att': 115, 'def': 16}",1,13,0,5,0.4676,l,2020-12-29,0,0,1,0,-1.1067399999999998,West Brom,WBA
76,West Bromwich Albion,h,0.869874,4.03429,0.869874,4.03429,"{'att': 385, 'def': 23}","{'att': 161, 'def': 10}",4,7,0,4,0.0513,l,2021-01-02,0,0,1,0,-3.164416,West Brom,WBA
76,West Bromwich Albion,a,2.46332,1.94358,0.940987,1.94358,"{'att': 308, 'def': 18}","{'att': 115, 'def': 17}",7,5,3,2,1.795,w,2021-01-16,1,0,0,3,-1.002593,West Brom,WBA
76,West Bromwich Albion,a,0.464091,2.17512,0.464091,2.17512,"{'att': 280, 'def': 17}","{'att': 181, 'def': 13}",5,6,1,2,0.218,l,2021-01-19,0,0,1,0,-1.7110290000000001,West Brom,WBA
76,West Bromwich Albion,h,0.568258,2.24838,0.568258,2.24838,"{'att': 486, 'def': 18}","{'att': 118, 'def': 15}",3,15,0,5,0.20400000000000001,l,2021-01-26,0,0,1,0,-1.680122,West Brom,WBA
76,West Bromwich Albion,h,0.994664,1.52044,0.994664,1.52044,"{'att': 319, 'def': 22}","{'att': 149, 'def': 17}",0,7,2,2,0.9413,d,2021-01-30,0,1,0,1,-0.525776,West Brom,WBA
76,West Bromwich Albion,a,1.61871,1.35804,1.61871,1.35804,"{'att': 303, 'def': 17}","{'att': 115, 'def': 23}",2,12,1,2,1.6209000000000002,l,2021-02-02,0,0,1,0,0.2606700000000002,West Brom,WBA
76,West Bromwich Albion,a,0.698686,1.92997,0.698686,1.92997,"{'att': 341, 'def': 14}","{'att': 169, 'def': 22}",3,10,0,2,0.4905,l,2021-02-07,0,0,1,0,-1.231284,West Brom,WBA
76,West Bromwich Albion,h,0.945964,0.423885,0.945964,0.423885,"{'att': 307, 'def': 12}","{'att': 111, 'def': 14}",3,9,1,1,1.8589999999999998,d,2021-02-14,0,1,0,1,0.522079,West Brom,WBA
76,West Bromwich Albion,a,1.71922,0.535153,1.71922,0.535153,"{'att': 190, 'def': 10}","{'att': 111, 'def': 25}",4,3,0,0,2.4752,d,2021-02-20,0,1,0,1,1.184067,West Brom,WBA
76,West Bromwich Albion,h,0.687091,3.12111,0.687091,1.59881,"{'att': 314, 'def': 22}","{'att': 95, 'def': 25}",2,10,1,0,0.1051,w,2021-02-27,1,0,0,3,-0.9117190000000001,West Brom,WBA
76,West Bromwich Albion,h,1.02038,1.40789,1.02038,1.40789,"{'att': 315, 'def': 19}","{'att': 248, 'def': 21}",7,8,0,1,1.0187,l,2021-03-04,0,0,1,0,-0.38751,West Brom,WBA
78,Crystal Palace,h,1.39569,1.26267,1.39569,1.26267,"{'att': 312, 'def': 18}","{'att': 83, 'def': 23}",1,14,1,0,1.477,w,2020-09-12,1,0,0,3,0.13302000000000014,Crystal Palace,CRY
78,Crystal Palace,a,1.91456,1.09737,1.15339,1.09737,"{'att': 299, 'def': 22}","{'att': 86, 'def': 26}",4,9,3,1,2.0159000000000002,w,2020-09-19,1,0,0,3,0.05601999999999996,Crystal Palace,CRY
78,Crystal Palace,h,0.443115,2.27189,0.443115,1.51072,"{'att': 349, 'def': 29}","{'att': 168, 'def': 23}",4,3,1,2,0.19469999999999998,l,2020-09-26,0,0,1,0,-1.0676050000000001,Crystal Palace,CRY
78,Crystal Palace,a,0.103249,2.51433,0.103249,0.991996,"{'att': 440, 'def': 17}","{'att': 138, 'def': 31}",2,5,0,4,0.0397,l,2020-10-03,0,0,1,0,-0.888747,Crystal Palace,CRY
78,Crystal Palace,h,0.761169,1.0935,0.0,1.0935,"{'att': 299, 'def': 22}","{'att': 147, 'def': 23}",1,7,1,1,1.1033,d,2020-10-18,0,1,0,1,-1.0935,Crystal Palace,CRY
78,Crystal Palace,a,2.81049,1.05258,2.81049,1.05258,"{'att': 323, 'def': 15}","{'att': 181, 'def': 29}",9,8,2,1,2.5374000000000003,w,2020-10-24,1,0,0,3,1.75791,Crystal Palace,CRY
78,Crystal Palace,a,0.802767,1.34895,0.802767,1.34895,"{'att': 234, 'def': 14}","{'att': 374, 'def': 27}",4,8,0,2,0.887,l,2020-10-30,0,0,1,0,-0.5461830000000001,Crystal Palace,CRY
78,Crystal Palace,h,1.30169,0.847913,1.30169,0.847913,"{'att': 352, 'def': 17}","{'att': 152, 'def': 37}",8,6,4,1,1.7482,w,2020-11-07,1,0,0,3,0.453777,Crystal Palace,CRY
78,Crystal Palace,a,1.28331,1.75343,1.28331,1.75343,"{'att': 224, 'def': 14}","{'att': 255, 'def': 22}",7,7,0,1,0.995,l,2020-11-23,0,0,1,0,-0.4701200000000001,Crystal Palace,CRY
78,Crystal Palace,h,0.534893,1.27929,0.534893,1.27929,"{'att': 186, 'def': 11}","{'att': 269, 'def': 36}",12,4,0,2,0.7053,l,2020-11-27,0,0,1,0,-0.7443970000000001,Crystal Palace,CRY
78,Crystal Palace,a,1.68656,0.567234,1.68656,0.567234,"{'att': 307, 'def': 25}","{'att': 259, 'def': 17}",14,7,5,1,2.2483999999999997,w,2020-12-06,1,0,0,3,1.119326,Crystal Palace,CRY
78,Crystal Palace,h,1.84443,1.40792,1.84443,1.40792,"{'att': 214, 'def': 20}","{'att': 193, 'def': 18}",10,4,1,1,1.7143,d,2020-12-13,0,1,0,1,0.43650999999999995,Crystal Palace,CRY
78,Crystal Palace,a,1.09108,0.449469,1.09108,0.449469,"{'att': 256, 'def': 24}","{'att': 195, 'def': 16}",4,3,1,1,1.9857,d,2020-12-16,0,1,0,1,0.641611,Crystal Palace,CRY
78,Crystal Palace,h,0.489318,2.86902,0.489318,2.86902,"{'att': 478, 'def': 21}","{'att': 203, 'def': 28}",4,9,0,7,0.1316,l,2020-12-19,0,0,1,0,-2.379702,Crystal Palace,CRY
78,Crystal Palace,a,0.849086,4.58214,0.849086,4.58214,"{'att': 106, 'def': 14}","{'att': 246, 'def': 25}",12,9,0,3,0.0329,l,2020-12-26,0,0,1,0,-3.733054,Crystal Palace,CRY
78,Crystal Palace,h,0.321348,1.72132,0.321348,0.960152,"{'att': 374, 'def': 16}","{'att': 138, 'def': 25}",1,4,1,1,0.2835,d,2020-12-28,0,1,0,1,-0.6388039999999999,Crystal Palace,CRY
78,Crystal Palace,h,0.598888,0.323158,0.598888,0.323158,"{'att': 301, 'def': 24}","{'att': 187, 'def': 28}",5,7,2,0,1.5596999999999999,w,2021-01-02,1,0,0,3,0.27573,Crystal Palace,CRY
78,Crystal Palace,a,0.709634,0.368554,0.709634,0.368554,"{'att': 382, 'def': 16}","{'att': 178, 'def': 30}",2,6,0,0,1.6446,d,2021-01-14,0,1,0,1,0.34108,Crystal Palace,CRY
78,Crystal Palace,a,0.0515836,0.961088,0.0515836,0.961088,"{'att': 411, 'def': 5}","{'att': 155, 'def': 30}",3,5,0,4,0.3961,l,2021-01-17,0,0,1,0,-0.9095044000000001,Crystal Palace,CRY
78,Crystal Palace,h,0.629033,3.30321,0.629033,3.30321,"{'att': 232, 'def': 20}","{'att': 277, 'def': 19}",12,5,2,3,0.0963,l,2021-01-26,0,0,1,0,-2.6741770000000002,Crystal Palace,CRY
78,Crystal Palace,h,1.36877,0.450907,1.36877,0.450907,"{'att': 351, 'def': 18}","{'att': 318, 'def': 17}",5,2,1,0,2.2431,w,2021-01-30,1,0,0,3,0.9178630000000001,Crystal Palace,CRY
78,Crystal Palace,a,0.809312,1.90755,0.809312,1.90755,"{'att': 336, 'def': 16}","{'att': 199, 'def': 21}",6,9,2,1,0.6023000000000001,w,2021-02-02,1,0,0,3,-1.098238,Crystal Palace,CRY
78,Crystal Palace,a,0.370278,2.64769,0.370278,2.64769,"{'att': 490, 'def': 13}","{'att': 158, 'def': 23}",4,7,0,2,0.13690000000000002,l,2021-02-08,0,0,1,0,-2.277412,Crystal Palace,CRY
78,Crystal Palace,h,0.645616,1.95502,0.645616,1.95502,"{'att': 167, 'def': 29}","{'att': 195, 'def': 25}",10,4,0,3,0.4545,l,2021-02-13,0,0,1,0,-1.309404,Crystal Palace,CRY
78,Crystal Palace,a,0.179886,2.59204,0.179886,2.59204,"{'att': 387, 'def': 10}","{'att': 131, 'def': 23}",0,13,2,1,0.08990000000000001,w,2021-02-22,1,0,0,3,-2.412154,Crystal Palace,CRY
78,Crystal Palace,h,0.0880148,0.813134,0.0880148,0.813134,"{'att': 318, 'def': 33}","{'att': 206, 'def': 30}",1,5,0,0,0.5389999999999999,d,2021-02-28,0,1,0,1,-0.7251192,Crystal Palace,CRY
78,Crystal Palace,h,0.742397,0.584016,0.742397,0.584016,"{'att': 313, 'def': 19}","{'att': 204, 'def': 19}",3,8,0,0,1.5098000000000003,d,2021-03-03,0,1,0,1,0.158381,Crystal Palace,CRY
80,Chelsea,a,1.27062,1.44281,0.509456,1.44281,"{'att': 292, 'def': 23}","{'att': 271, 'def': 29}",6,3,3,1,1.2081,w,2020-09-14,1,0,0,3,-0.9333539999999999,Chelsea,CHE
80,Chelsea,h,0.904183,2.25211,0.143014,2.25211,"{'att': 414, 'def': 11}","{'att': 366, 'def': 32}",1,13,0,2,0.36660000000000004,l,2020-09-20,0,0,1,0,-2.109096,Chelsea,CHE
80,Chelsea,a,2.36046,0.911185,2.36046,0.911185,"{'att': 113, 'def': 25}","{'att': 449, 'def': 11}",12,3,3,3,2.4217000000000004,d,2020-09-26,0,1,0,1,1.4492749999999996,Chelsea,CHE
80,Chelsea,h,2.51433,0.103249,0.991996,0.103249,"{'att': 138, 'def': 31}","{'att': 440, 'def': 17}",5,2,4,0,2.9262999999999995,w,2020-10-03,1,0,0,3,0.888747,Chelsea,CHE
80,Chelsea,h,1.98708,1.42348,1.98708,1.42348,"{'att': 251, 'def': 23}","{'att': 336, 'def': 23}",11,5,3,3,1.8385,d,2020-10-17,0,1,0,1,0.5635999999999999,Chelsea,CHE
80,Chelsea,a,0.219906,0.648427,0.219906,0.648427,"{'att': 323, 'def': 22}","{'att': 375, 'def': 17}",1,6,0,0,0.7915,d,2020-10-24,0,1,0,1,-0.428521,Chelsea,CHE
80,Chelsea,a,1.23077,0.407341,1.23077,0.407341,"{'att': 206, 'def': 23}","{'att': 440, 'def': 26}",12,1,3,0,2.1067,w,2020-10-31,1,0,0,3,0.823429,Chelsea,CHE
80,Chelsea,h,2.87622,0.743967,2.87622,0.743967,"{'att': 145, 'def': 10}","{'att': 470, 'def': 16}",14,5,4,1,2.7167,w,2020-11-07,1,0,0,3,2.132253,Chelsea,CHE
80,Chelsea,a,1.81923,0.368286,1.81923,0.368286,"{'att': 124, 'def': 17}","{'att': 443, 'def': 15}",8,3,2,0,2.4943,w,2020-11-21,1,0,0,3,1.4509439999999998,Chelsea,CHE
80,Chelsea,h,0.974755,0.22689,0.974755,0.22689,"{'att': 237, 'def': 24}","{'att': 388, 'def': 12}",4,4,0,0,2.0179,d,2020-11-29,0,1,0,1,0.747865,Chelsea,CHE
80,Chelsea,h,4.89472,1.0277,4.89472,1.0277,"{'att': 297, 'def': 31}","{'att': 202, 'def': 22}",9,7,3,1,2.946,w,2020-12-05,1,0,0,3,3.86702,Chelsea,CHE
80,Chelsea,a,1.00627,1.2216,1.00627,0.460428,"{'att': 103, 'def': 25}","{'att': 375, 'def': 20}",6,2,0,1,1.0974,l,2020-12-12,0,0,1,0,0.5458419999999999,Chelsea,CHE
80,Chelsea,a,1.56772,0.683783,1.56772,0.683783,"{'att': 227, 'def': 29}","{'att': 256, 'def': 13}",6,4,1,2,2.1125000000000003,l,2020-12-15,0,0,1,0,0.883937,Chelsea,CHE
80,Chelsea,h,2.41157,0.277737,2.41157,0.277737,"{'att': 249, 'def': 19}","{'att': 307, 'def': 19}",9,9,3,0,2.8396,w,2020-12-21,1,0,0,3,2.133833,Chelsea,CHE
80,Chelsea,a,2.25414,1.94485,1.49304,1.18368,"{'att': 158, 'def': 18}","{'att': 258, 'def': 16}",7,6,1,3,1.6145,l,2020-12-26,0,0,1,0,0.30935999999999986,Chelsea,CHE
80,Chelsea,h,1.53701,0.730859,1.53701,0.730859,"{'att': 144, 'def': 28}","{'att': 322, 'def': 19}",8,6,1,1,2.0733,d,2020-12-28,0,1,0,1,0.806151,Chelsea,CHE
80,Chelsea,h,0.691013,3.18063,0.691013,3.18063,"{'att': 338, 'def': 25}","{'att': 402, 'def': 30}",6,11,1,3,0.14800000000000002,l,2021-01-03,0,0,1,0,-2.489617,Chelsea,CHE
80,Chelsea,a,1.37939,0.46126,1.37939,0.46126,"{'att': 158, 'def': 24}","{'att': 424, 'def': 21}",13,6,1,0,2.1143,w,2021-01-16,1,0,0,3,0.9181299999999999,Chelsea,CHE
80,Chelsea,a,0.615727,1.1449,0.615727,1.1449,"{'att': 188, 'def': 22}","{'att': 397, 'def': 22}",7,9,0,2,0.8397999999999999,l,2021-01-19,0,0,1,0,-0.529173,Chelsea,CHE
80,Chelsea,h,0.663324,0.63192,0.663324,0.63192,"{'att': 137, 'def': 32}","{'att': 476, 'def': 6}",6,1,0,0,1.2832999999999999,d,2021-01-27,0,1,0,1,0.03140399999999999,Chelsea,CHE
80,Chelsea,h,1.4405,0.390714,1.4405,0.390714,"{'att': 127, 'def': 20}","{'att': 393, 'def': 23}",23,4,2,0,2.2206,w,2021-01-31,1,0,0,3,1.0497859999999999,Chelsea,CHE
80,Chelsea,a,2.393,0.569446,1.63183,0.569446,"{'att': 267, 'def': 29}","{'att': 358, 'def': 29}",13,2,1,0,2.6319,w,2021-02-04,1,0,0,3,1.0623839999999998,Chelsea,CHE
80,Chelsea,a,1.64144,0.623045,0.880268,0.623045,"{'att': 149, 'def': 14}","{'att': 453, 'def': 23}",9,4,2,1,2.2695000000000003,w,2021-02-07,1,0,0,3,0.2572230000000001,Chelsea,CHE
80,Chelsea,h,2.5428,0.432603,2.5428,0.432603,"{'att': 141, 'def': 22}","{'att': 348, 'def': 33}",8,1,2,0,2.7429,w,2021-02-15,1,0,0,3,2.1101970000000003,Chelsea,CHE
80,Chelsea,a,1.44849,0.496603,0.687319,0.496603,"{'att': 146, 'def': 35}","{'att': 474, 'def': 28}",10,0,1,1,2.2822999999999998,d,2021-02-20,0,1,0,1,0.190716,Chelsea,CHE
80,Chelsea,h,1.17294,0.35954,1.17294,0.35954,"{'att': 227, 'def': 26}","{'att': 348, 'def': 34}",1,4,0,0,2.1529,d,2021-02-28,0,1,0,1,0.8134000000000001,Chelsea,CHE
80,Chelsea,a,1.22635,0.247034,1.22635,0.247034,"{'att': 376, 'def': 30}","{'att': 383, 'def': 32}",12,10,1,0,2.2693,w,2021-03-04,1,0,0,3,0.9793160000000001,Chelsea,CHE
81,West Ham,h,0.861445,1.65911,0.861445,1.65911,"{'att': 173, 'def': 27}","{'att': 266, 'def': 11}",5,10,0,2,0.6998,l,2020-09-12,0,0,1,0,-0.7976650000000001,West Ham,WHU
81,West Ham,a,2.06377,1.32902,2.06377,1.32902,"{'att': 420, 'def': 23}","{'att': 217, 'def': 17}",4,16,1,2,1.9438,l,2020-09-19,0,0,1,0,0.7347499999999998,West Ham,WHU
81,West Ham,h,3.05703,0.385152,3.05703,0.385152,"{'att': 370, 'def': 17}","{'att': 221, 'def': 27}",1,4,4,0,2.8669000000000002,w,2020-09-27,1,0,0,3,2.671878,West Ham,WHU
81,West Ham,a,2.03227,0.456022,2.03227,0.456022,"{'att': 376, 'def': 11}","{'att': 161, 'def': 22}",3,2,3,0,2.5276,w,2020-10-04,1,0,0,3,1.576248,West Ham,WHU
81,West Ham,a,1.49992,1.77602,1.49992,1.77602,"{'att': 307, 'def': 17}","{'att': 246, 'def': 20}",7,1,3,3,1.1232,d,2020-10-18,0,1,0,1,-0.2761,West Ham,WHU
81,West Ham,h,0.263739,0.892456,0.263739,0.892456,"{'att': 406, 'def': 20}","{'att': 157, 'def': 12}",2,13,1,1,0.6767000000000001,d,2020-10-24,0,1,0,1,-0.628717,West Ham,WHU
81,West Ham,a,0.269048,1.56302,0.269048,0.801848,"{'att': 460, 'def': 13}","{'att': 159, 'def': 23}",0,12,1,2,0.26940000000000003,l,2020-10-31,0,0,1,0,-0.5327999999999999,West Ham,WHU
81,West Ham,h,1.42614,1.84922,1.42614,1.08806,"{'att': 222, 'def': 20}","{'att': 303, 'def': 8}",6,5,1,0,1.0165,w,2020-11-07,1,0,0,3,0.33807999999999994,West Ham,WHU
81,West Ham,a,2.1142,0.692374,2.1142,0.692374,"{'att': 254, 'def': 17}","{'att': 232, 'def': 16}",10,7,1,0,2.4273,w,2020-11-22,1,0,0,3,1.4218259999999998,West Ham,WHU
81,West Ham,h,0.571633,2.39051,0.571633,1.62934,"{'att': 289, 'def': 23}","{'att': 144, 'def': 11}",2,8,2,1,0.2087,w,2020-11-30,1,0,0,3,-1.0577070000000002,West Ham,WHU
81,West Ham,h,2.53006,1.78708,2.53006,1.78708,"{'att': 402, 'def': 23}","{'att': 212, 'def': 16}",5,6,1,3,1.8835,l,2020-12-05,0,0,1,0,0.7429800000000002,West Ham,WHU
81,West Ham,a,1.7851,1.56644,1.7851,0.805276,"{'att': 327, 'def': 13}","{'att': 130, 'def': 24}",7,8,2,1,1.5046000000000002,w,2020-12-11,1,0,0,3,0.9798239999999999,West Ham,WHU
81,West Ham,h,0.449469,1.09108,0.449469,1.09108,"{'att': 195, 'def': 16}","{'att': 256, 'def': 24}",3,4,1,1,0.6990000000000001,d,2020-12-16,0,1,0,1,-0.641611,West Ham,WHU
81,West Ham,a,0.277737,2.41157,0.277737,2.41157,"{'att': 307, 'def': 19}","{'att': 249, 'def': 19}",9,9,0,3,0.09519999999999999,l,2020-12-21,0,0,1,0,-2.133833,West Ham,WHU
81,West Ham,h,1.38877,1.50551,1.38877,1.50551,"{'att': 333, 'def': 18}","{'att': 198, 'def': 19}",6,5,2,2,1.2597,d,2020-12-27,0,1,0,1,-0.11673999999999984,West Ham,WHU
81,West Ham,a,1.07246,0.670996,1.07246,0.670996,"{'att': 321, 'def': 19}","{'att': 150, 'def': 19}",7,7,0,0,1.7353,d,2020-12-29,0,1,0,1,0.40146399999999993,West Ham,WHU
81,West Ham,a,1.19713,0.371045,1.19713,0.371045,"{'att': 348, 'def': 20}","{'att': 202, 'def': 18}",4,5,1,0,2.1591,w,2021-01-01,1,0,0,3,0.826085,West Ham,WHU
81,West Ham,h,1.73397,0.395668,1.73397,0.395668,"{'att': 202, 'def': 21}","{'att': 174, 'def': 19}",4,5,1,0,2.4631,w,2021-01-16,1,0,0,3,1.338302,West Ham,WHU
81,West Ham,h,2.17512,0.464091,2.17512,0.464091,"{'att': 181, 'def': 13}","{'att': 280, 'def': 17}",6,5,2,1,2.6555,w,2021-01-19,1,0,0,3,1.7110290000000001,West Ham,WHU
81,West Ham,a,3.30321,0.629033,3.30321,0.629033,"{'att': 277, 'def': 19}","{'att': 232, 'def': 20}",5,12,3,2,2.8491000000000004,w,2021-01-26,1,0,0,3,2.6741770000000002,West Ham,WHU
81,West Ham,h,0.883061,2.05809,0.883061,2.05809,"{'att': 462, 'def': 11}","{'att': 209, 'def': 17}",2,13,1,3,0.4976,l,2021-01-31,0,0,1,0,-1.1750289999999999,West Ham,WHU
81,West Ham,a,1.79064,0.741154,1.79064,0.741154,"{'att': 259, 'def': 15}","{'att': 170, 'def': 22}",6,7,3,1,2.1437,w,2021-02-03,1,0,0,3,1.049486,West Ham,WHU
81,West Ham,a,0.943539,1.60884,0.943539,1.60884,"{'att': 351, 'def': 15}","{'att': 174, 'def': 16}",2,12,0,0,0.8585,d,2021-02-06,0,1,0,1,-0.665301,West Ham,WHU
81,West Ham,h,2.32735,0.926652,1.56618,0.926652,"{'att': 246, 'def': 14}","{'att': 246, 'def': 17}",2,9,3,0,2.3964000000000003,w,2021-02-15,1,0,0,3,0.6395279999999999,West Ham,WHU
81,West Ham,h,1.09246,0.770706,1.09246,0.770706,"{'att': 299, 'def': 26}","{'att': 105, 'def': 17}",2,8,2,1,1.7996999999999999,w,2021-02-21,1,0,0,3,0.321754,West Ham,WHU
81,West Ham,a,1.92892,0.760574,1.92892,0.760574,"{'att': 354, 'def': 16}","{'att': 239, 'def': 20}",2,5,1,2,2.4105,l,2021-02-27,0,0,1,0,1.168346,West Ham,WHU
82,Tottenham,h,0.822944,1.26793,0.822944,1.26793,"{'att': 374, 'def': 33}","{'att': 309, 'def': 19}",9,5,0,1,0.9577,l,2020-09-13,0,0,1,0,-0.444986,Spurs,TOT
82,Tottenham,a,2.28004,2.27708,2.28004,1.51591,"{'att': 248, 'def': 23}","{'att': 234, 'def': 27}",3,4,5,2,1.3870999999999998,w,2020-09-20,1,0,0,3,0.76413,Spurs,TOT
82,Tottenham,h,3.18765,0.942726,3.18765,0.181557,"{'att': 184, 'def': 19}","{'att': 357, 'def': 10}",6,4,1,1,2.7474,d,2020-09-27,0,1,0,1,3.006093,Spurs,TOT
82,Tottenham,a,3.3017,0.873435,2.54054,0.112267,"{'att': 227, 'def': 34}","{'att': 477, 'def': 24}",8,3,6,1,2.7894,w,2020-10-04,1,0,0,3,2.428273,Spurs,TOT
82,Tottenham,h,1.77602,1.49992,1.77602,1.49992,"{'att': 246, 'def': 20}","{'att': 307, 'def': 17}",1,7,3,3,1.5810000000000002,d,2020-10-18,0,1,0,1,0.2761,Spurs,TOT
82,Tottenham,a,0.797344,0.95045,0.797344,0.95045,"{'att': 176, 'def': 18}","{'att': 342, 'def': 23}",6,4,1,0,1.1995,w,2020-10-26,1,0,0,3,-0.15310599999999996,Spurs,TOT
82,Tottenham,h,1.97236,0.324457,1.21119,0.324457,"{'att': 287, 'def': 30}","{'att': 207, 'def': 14}",3,7,2,1,2.6927,w,2020-11-01,1,0,0,3,0.886733,Spurs,TOT
82,Tottenham,a,1.87063,0.799352,1.87063,0.799352,"{'att': 142, 'def': 19}","{'att': 263, 'def': 16}",4,6,1,0,2.2041,w,2020-11-08,1,0,0,3,1.071278,Spurs,TOT
82,Tottenham,h,0.761142,1.66325,0.761142,1.66325,"{'att': 295, 'def': 20}","{'att': 164, 'def': 25}",2,9,2,0,0.6779,w,2020-11-21,1,0,0,3,-0.9021079999999999,Spurs,TOT
82,Tottenham,a,0.22689,0.974755,0.22689,0.974755,"{'att': 388, 'def': 12}","{'att': 237, 'def': 24}",4,4,0,0,0.6184000000000001,d,2020-11-29,0,1,0,1,-0.747865,Spurs,TOT
82,Tottenham,h,0.390629,0.595216,0.390629,0.595216,"{'att': 316, 'def': 16}","{'att': 153, 'def': 30}",1,11,2,0,1.052,w,2020-12-06,1,0,0,3,-0.20458699999999996,Spurs,TOT
82,Tottenham,a,1.40792,1.84443,1.40792,1.84443,"{'att': 193, 'def': 18}","{'att': 214, 'def': 20}",4,10,1,1,1.0252000000000001,d,2020-12-13,0,1,0,1,-0.43650999999999995,Spurs,TOT
82,Tottenham,a,1.5161,1.21783,1.5161,1.21783,"{'att': 379, 'def': 21}","{'att': 125, 'def': 17}",0,18,1,2,1.6435,l,2020-12-16,0,0,1,0,0.29827000000000004,Spurs,TOT
82,Tottenham,h,0.945932,1.74772,0.945932,0.986554,"{'att': 199, 'def': 21}","{'att': 271, 'def': 23}",5,13,0,2,0.7026,l,2020-12-20,0,0,1,0,-0.04062200000000005,Spurs,TOT
82,Tottenham,a,0.408109,0.742598,0.408109,0.742598,"{'att': 301, 'def': 18}","{'att': 272, 'def': 41}",5,5,1,1,0.9535,d,2020-12-27,0,1,0,1,-0.334489,Spurs,TOT
82,Tottenham,h,2.5286,1.15626,1.76744,1.15626,"{'att': 365, 'def': 30}","{'att': 139, 'def': 26}",7,11,3,0,2.2944,w,2021-01-02,1,0,0,3,0.6111799999999998,Spurs,TOT
82,Tottenham,h,3.14372,1.05329,3.14372,1.05329,"{'att': 258, 'def': 31}","{'att': 299, 'def': 32}",3,7,1,1,2.6103,d,2021-01-13,0,1,0,1,2.09043,Spurs,TOT
82,Tottenham,a,1.28385,0.978133,1.28385,0.978133,"{'att': 187, 'def': 18}","{'att': 359, 'def': 28}",8,5,3,1,1.6108,w,2021-01-17,1,0,0,3,0.3057169999999999,Spurs,TOT
82,Tottenham,h,0.104586,2.58798,0.104586,2.58798,"{'att': 311, 'def': 21}","{'att': 364, 'def': 25}",0,11,1,3,0.0264,l,2021-01-28,0,0,1,0,-2.483394,Spurs,TOT
82,Tottenham,a,0.372524,1.77386,0.372524,1.77386,"{'att': 194, 'def': 16}","{'att': 293, 'def': 31}",6,21,0,1,0.3337,l,2021-01-31,0,0,1,0,-1.401336,Spurs,TOT
82,Tottenham,h,0.569446,2.393,0.569446,1.63183,"{'att': 358, 'def': 29}","{'att': 267, 'def': 29}",2,13,0,1,0.243,l,2021-02-04,0,0,1,0,-1.0623839999999998,Spurs,TOT
82,Tottenham,h,1.92997,0.698686,1.92997,0.698686,"{'att': 169, 'def': 22}","{'att': 341, 'def': 14}",10,3,2,0,2.3049,w,2021-02-07,1,0,0,3,1.231284,Spurs,TOT
82,Tottenham,a,0.4235,2.46219,0.4235,1.70102,"{'att': 393, 'def': 20}","{'att': 296, 'def': 31}",1,17,0,3,0.1681,l,2021-02-13,0,0,1,0,-1.27752,Spurs,TOT
82,Tottenham,a,0.770706,1.09246,0.770706,1.09246,"{'att': 105, 'def': 17}","{'att': 299, 'def': 26}",8,2,1,2,0.8571,l,2021-02-21,0,0,1,0,-0.321754,Spurs,TOT
82,Tottenham,h,2.35788,0.603212,2.35788,0.603212,"{'att': 235, 'def': 11}","{'att': 420, 'def': 34}",4,7,4,0,2.5732999999999997,w,2021-02-28,1,0,0,3,1.7546680000000001,Spurs,TOT
82,Tottenham,a,1.5519,1.1715,1.5519,1.1715,"{'att': 323, 'def': 28}","{'att': 209, 'def': 28}",7,9,1,0,1.7037,w,2021-03-04,1,0,0,3,0.38040000000000007,Spurs,TOT
83,Arsenal,a,2.16287,0.126327,2.16287,0.126327,"{'att': 307, 'def': 14}","{'att': 425, 'def': 13}",11,0,3,0,2.8937,w,2020-09-12,1,0,0,3,2.036543,Arsenal,ARS
83,Arsenal,h,1.32902,2.06377,1.32902,2.06377,"{'att': 217, 'def': 17}","{'att': 420, 'def': 23}",16,4,2,1,0.8155,w,2020-09-19,1,0,0,3,-0.7347499999999998,Arsenal,ARS
83,Arsenal,a,1.17817,2.73834,1.17817,2.73834,"{'att': 502, 'def': 14}","{'att': 256, 'def': 29}",3,11,1,3,0.3972,l,2020-09-28,0,0,1,0,-1.56017,Arsenal,ARS
83,Arsenal,h,0.667131,0.144994,0.667131,0.144994,"{'att': 167, 'def': 12}","{'att': 445, 'def': 23}",4,3,2,1,1.8925,w,2020-10-04,1,0,0,3,0.5221370000000001,Arsenal,ARS
83,Arsenal,a,0.838322,1.43023,0.838322,1.43023,"{'att': 346, 'def': 17}","{'att': 311, 'def': 23}",3,7,0,1,0.8435999999999999,l,2020-10-17,0,0,1,0,-0.5919079999999999,Arsenal,ARS
83,Arsenal,h,0.73944,0.736172,0.73944,0.736172,"{'att': 264, 'def': 24}","{'att': 367, 'def': 14}",5,2,0,1,1.2724,l,2020-10-25,0,0,1,0,0.0032679999999999376,Arsenal,ARS
83,Arsenal,a,0.998072,0.394113,0.236903,0.394113,"{'att': 320, 'def': 27}","{'att': 300, 'def': 17}",7,10,1,0,2.0624000000000002,w,2020-11-01,1,0,0,3,-0.15721,Arsenal,ARS
83,Arsenal,h,1.39037,1.98553,1.39037,1.98553,"{'att': 169, 'def': 15}","{'att': 331, 'def': 24}",6,16,0,3,0.9460999999999999,l,2020-11-08,0,0,1,0,-0.5951599999999999,Arsenal,ARS
83,Arsenal,a,0.710778,1.9617,0.710778,1.9617,"{'att': 312, 'def': 20}","{'att': 179, 'def': 26}",4,11,0,0,0.5177,d,2020-11-22,0,1,0,1,-1.250922,Arsenal,ARS
83,Arsenal,h,1.1185,2.0069,1.1185,2.0069,"{'att': 225, 'def': 28}","{'att': 247, 'def': 14}",12,6,1,2,0.6944,l,2020-11-29,0,0,1,0,-0.8883999999999999,Arsenal,ARS
83,Arsenal,a,0.595216,0.390629,0.595216,0.390629,"{'att': 153, 'def': 30}","{'att': 316, 'def': 16}",11,1,0,2,1.4879,l,2020-12-06,0,0,1,0,0.20458699999999996,Arsenal,ARS
83,Arsenal,h,1.85362,0.815375,1.85362,0.815375,"{'att': 152, 'def': 16}","{'att': 297, 'def': 20}",11,3,0,1,2.1552000000000002,l,2020-12-13,0,0,1,0,1.038245,Arsenal,ARS
83,Arsenal,h,0.661135,1.11296,0.661135,1.11296,"{'att': 342, 'def': 20}","{'att': 207, 'def': 22}",6,11,1,1,0.9033,d,2020-12-16,0,1,0,1,-0.4518249999999999,Arsenal,ARS
83,Arsenal,a,1.25206,0.661744,0.490894,0.661744,"{'att': 229, 'def': 17}","{'att': 313, 'def': 10}",11,1,1,2,1.9574,l,2020-12-19,0,0,1,0,-0.17085,Arsenal,ARS
83,Arsenal,h,1.94485,2.25414,1.18368,1.49304,"{'att': 258, 'def': 16}","{'att': 158, 'def': 18}",6,7,3,1,1.1207,w,2020-12-26,1,0,0,3,-0.30935999999999986,Arsenal,ARS
83,Arsenal,a,1.31394,0.799368,1.31394,0.799368,"{'att': 293, 'def': 14}","{'att': 330, 'def': 15}",3,6,1,0,1.8466,w,2020-12-29,1,0,0,3,0.5145720000000001,Arsenal,ARS
83,Arsenal,a,4.03429,0.869874,4.03429,0.869874,"{'att': 161, 'def': 10}","{'att': 385, 'def': 23}",7,4,4,0,2.9156999999999997,w,2021-01-02,1,0,0,3,3.164416,Arsenal,ARS
83,Arsenal,h,0.368554,0.709634,0.368554,0.709634,"{'att': 178, 'def': 30}","{'att': 382, 'def': 16}",6,2,0,0,0.9189,d,2021-01-14,0,1,0,1,-0.34108,Arsenal,ARS
83,Arsenal,h,2.30744,0.168796,2.30744,0.168796,"{'att': 180, 'def': 20}","{'att': 390, 'def': 14}",13,2,3,0,2.7927,w,2021-01-18,1,0,0,3,2.138644,Arsenal,ARS
83,Arsenal,a,2.4339,0.99504,2.4339,0.99504,"{'att': 326, 'def': 20}","{'att': 167, 'def': 25}",7,1,3,1,2.4371,w,2021-01-26,1,0,0,3,1.43886,Arsenal,ARS
83,Arsenal,h,0.747166,1.51332,0.747166,1.51332,"{'att': 299, 'def': 16}","{'att': 231, 'def': 20}",2,8,0,0,0.6979,d,2021-01-30,0,1,0,1,-0.766154,Arsenal,ARS
83,Arsenal,a,0.716265,1.56162,0.716265,0.800456,"{'att': 337, 'def': 22}","{'att': 328, 'def': 13}",5,2,1,2,0.6237,l,2021-02-02,0,0,1,0,-0.0841909999999999,Arsenal,ARS
83,Arsenal,a,0.679649,1.19792,0.679649,1.19792,"{'att': 135, 'def': 22}","{'att': 309, 'def': 15}",14,5,0,1,0.8999999999999999,l,2021-02-06,0,0,1,0,-0.5182710000000001,Arsenal,ARS
83,Arsenal,h,2.50614,0.77074,1.74497,0.77074,"{'att': 288, 'def': 22}","{'att': 237, 'def': 24}",13,7,4,2,2.6355000000000004,w,2021-02-14,1,0,0,3,0.9742299999999999,Arsenal,ARS
83,Arsenal,h,0.331188,2.08868,0.331188,2.08868,"{'att': 302, 'def': 18}","{'att': 314, 'def': 19}",6,7,0,1,0.2346,l,2021-02-21,0,0,1,0,-1.757492,Arsenal,ARS
83,Arsenal,a,2.1065,0.533575,1.34533,0.533575,"{'att': 244, 'def': 10}","{'att': 274, 'def': 25}",7,3,3,1,2.7008,w,2021-02-28,1,0,0,3,0.8117549999999999,Arsenal,ARS
86,Newcastle United,a,1.65911,0.861445,1.65911,0.861445,"{'att': 266, 'def': 11}","{'att': 173, 'def': 27}",10,5,2,0,2.0522,w,2020-09-12,1,0,0,3,0.7976650000000001,Newcastle,NEW
86,Newcastle United,h,0.520678,1.8766,0.520678,1.11546,"{'att': 251, 'def': 21}","{'att': 206, 'def': 19}",3,3,0,3,0.3134,l,2020-09-20,0,0,1,0,-0.5947819999999999,Newcastle,NEW
86,Newcastle United,a,0.942726,3.18765,0.181557,3.18765,"{'att': 357, 'def': 10}","{'att': 184, 'def': 19}",4,6,1,1,0.1632,d,2020-09-27,0,1,0,1,-3.006093,Newcastle,NEW
86,Newcastle United,h,1.95629,0.438849,1.19512,0.438849,"{'att': 249, 'def': 12}","{'att': 226, 'def': 24}",4,10,3,1,2.6139,w,2020-10-03,1,0,0,3,0.7562709999999999,Newcastle,NEW
86,Newcastle United,h,0.867496,2.21729,0.867496,1.45612,"{'att': 340, 'def': 28}","{'att': 206, 'def': 34}",3,12,1,4,0.42469999999999997,l,2020-10-17,0,0,1,0,-0.588624,Newcastle,NEW
86,Newcastle United,a,0.253685,0.758626,0.253685,0.758626,"{'att': 407, 'def': 13}","{'att': 265, 'def': 26}",4,5,1,1,0.7813000000000001,d,2020-10-25,0,1,0,1,-0.5049410000000001,Newcastle,NEW
86,Newcastle United,h,2.6311,1.21805,1.86993,1.21805,"{'att': 411, 'def': 12}","{'att': 211, 'def': 24}",5,8,2,1,2.4522,w,2020-11-01,1,0,0,3,0.65188,Newcastle,NEW
86,Newcastle United,a,0.175633,0.985828,0.175633,0.985828,"{'att': 335, 'def': 20}","{'att': 199, 'def': 35}",0,4,0,2,0.5419,l,2020-11-06,0,0,1,0,-0.810195,Newcastle,NEW
86,Newcastle United,h,0.368286,1.81923,0.368286,1.81923,"{'att': 443, 'def': 15}","{'att': 124, 'def': 17}",3,8,0,2,0.3298,l,2020-11-21,0,0,1,0,-1.4509439999999998,Newcastle,NEW
86,Newcastle United,a,1.27929,0.534893,1.27929,0.534893,"{'att': 269, 'def': 36}","{'att': 186, 'def': 11}",4,12,2,0,2.0040000000000004,w,2020-11-27,1,0,0,3,0.7443970000000001,Newcastle,NEW
86,Newcastle United,h,0.904163,0.57319,0.904163,0.57319,"{'att': 254, 'def': 10}","{'att': 230, 'def': 20}",5,4,2,1,1.6366,w,2020-12-12,1,0,0,3,0.3309730000000001,Newcastle,NEW
86,Newcastle United,a,1.44437,2.95137,1.44437,2.95137,"{'att': 251, 'def': 16}","{'att': 101, 'def': 24}",3,16,2,5,0.4646,l,2020-12-16,0,0,1,0,-1.507,Newcastle,NEW
86,Newcastle United,h,1.26725,1.10645,0.506084,1.10645,"{'att': 276, 'def': 19}","{'att': 271, 'def': 16}",6,4,1,1,1.5311,d,2020-12-19,0,1,0,1,-0.600366,Newcastle,NEW
86,Newcastle United,a,0.200953,3.19575,0.200953,3.19575,"{'att': 493, 'def': 18}","{'att': 137, 'def': 10}",2,18,0,2,0.03610000000000001,l,2020-12-26,0,0,1,0,-2.9947969999999997,Newcastle,NEW
86,Newcastle United,h,0.817935,1.32047,0.817935,1.32047,"{'att': 403, 'def': 15}","{'att': 101, 'def': 20}",3,10,0,0,0.9172,d,2020-12-30,0,1,0,1,-0.5025350000000001,Newcastle,NEW
86,Newcastle United,h,0.264584,0.702081,0.264584,0.702081,"{'att': 311, 'def': 23}","{'att': 183, 'def': 29}",1,6,1,2,0.7929999999999999,l,2021-01-03,0,0,1,0,-0.43749699999999997,Newcastle,NEW
86,Newcastle United,a,1.04745,2.01315,1.04745,1.25198,"{'att': 240, 'def': 10}","{'att': 136, 'def': 17}",2,12,0,1,0.6577999999999999,l,2021-01-12,0,0,1,0,-0.2045300000000001,Newcastle,NEW
86,Newcastle United,a,0.168796,2.30744,0.168796,2.30744,"{'att': 390, 'def': 14}","{'att': 180, 'def': 20}",2,13,0,3,0.1212,l,2021-01-18,0,0,1,0,-2.138644,Newcastle,NEW
86,Newcastle United,a,0.400364,2.6026,0.400364,2.6026,"{'att': 338, 'def': 21}","{'att': 190, 'def': 24}",2,7,0,2,0.1274,l,2021-01-23,0,0,1,0,-2.2022359999999996,Newcastle,NEW
86,Newcastle United,h,1.1364,0.785914,1.1364,0.785914,"{'att': 246, 'def': 24}","{'att': 138, 'def': 26}",5,14,1,2,1.6378,l,2021-01-26,0,0,1,0,0.3504860000000001,Newcastle,NEW
86,Newcastle United,a,2.08832,0.966012,2.08832,0.966012,"{'att': 310, 'def': 11}","{'att': 134, 'def': 20}",5,9,2,0,2.1897,w,2021-01-30,1,0,0,3,1.1223079999999999,Newcastle,NEW
86,Newcastle United,h,1.90755,0.809312,1.90755,0.809312,"{'att': 199, 'def': 21}","{'att': 336, 'def': 16}",9,6,1,2,2.1755,l,2021-02-02,0,0,1,0,1.098238,Newcastle,NEW
86,Newcastle United,h,0.910553,1.43445,0.910553,1.43445,"{'att': 270, 'def': 15}","{'att': 75, 'def': 26}",6,8,3,2,0.9443999999999999,w,2021-02-06,1,0,0,3,-0.5238970000000001,Newcastle,NEW
86,Newcastle United,a,0.432603,2.5428,0.432603,2.5428,"{'att': 348, 'def': 33}","{'att': 141, 'def': 22}",1,8,0,2,0.162,l,2021-02-15,0,0,1,0,-2.1101970000000003,Newcastle,NEW
86,Newcastle United,a,0.341778,1.7256,0.341778,0.964431,"{'att': 380, 'def': 17}","{'att': 115, 'def': 18}",1,10,1,3,0.29410000000000003,l,2021-02-21,0,0,1,0,-0.622653,Newcastle,NEW
86,Newcastle United,h,1.9519,1.27827,1.9519,1.27827,"{'att': 203, 'def': 34}","{'att': 218, 'def': 17}",6,5,1,1,1.8578999999999999,d,2021-02-27,0,1,0,1,0.67363,Newcastle,NEW
87,Liverpool,h,3.15412,0.269813,1.63179,0.269813,"{'att': 308, 'def': 31}","{'att': 196, 'def': 21}",19,2,4,3,2.927,w,2020-09-12,1,0,0,3,1.361977,Liverpool,LIV
87,Liverpool,a,2.25211,0.904183,2.25211,0.143014,"{'att': 366, 'def': 32}","{'att': 414, 'def': 11}",13,1,2,0,2.4384,w,2020-09-20,1,0,0,3,2.109096,Liverpool,LIV
87,Liverpool,h,2.73834,1.17817,2.73834,1.17817,"{'att': 256, 'def': 29}","{'att': 502, 'def': 14}",11,3,3,1,2.4333000000000005,w,2020-09-28,1,0,0,3,1.56017,Liverpool,LIV
87,Liverpool,a,1.65705,3.07626,1.65705,3.07626,"{'att': 119, 'def': 25}","{'att': 365, 'def': 25}",18,7,2,7,0.5826,l,2020-10-04,0,0,1,0,-1.41921,Liverpool,LIV
87,Liverpool,a,2.49492,1.35998,2.49492,1.35998,"{'att': 218, 'def': 25}","{'att': 282, 'def': 20}",13,2,2,2,2.1289,d,2020-10-17,0,1,0,1,1.13494,Liverpool,LIV
87,Liverpool,h,2.40286,1.39788,2.40286,0.636707,"{'att': 170, 'def': 12}","{'att': 393, 'def': 20}",7,8,2,1,2.1655,w,2020-10-24,1,0,0,3,1.766153,Liverpool,LIV
87,Liverpool,h,1.56302,0.269048,0.801848,0.269048,"{'att': 159, 'def': 23}","{'att': 460, 'def': 13}",12,0,2,1,2.5596,w,2020-10-31,1,0,0,3,0.5327999999999999,Liverpool,LIV
87,Liverpool,a,1.18789,1.58487,0.426723,0.823706,"{'att': 363, 'def': 12}","{'att': 289, 'def': 26}",8,4,1,1,0.9341999999999999,d,2020-11-08,0,1,0,1,-0.39698300000000003,Liverpool,LIV
87,Liverpool,h,3.77245,1.98397,3.77245,1.98397,"{'att': 240, 'def': 29}","{'att': 380, 'def': 21}",9,8,3,0,2.4156,w,2020-11-22,1,0,0,3,1.78848,Liverpool,LIV
87,Liverpool,a,0.28109,2.30722,0.28109,0.784881,"{'att': 207, 'def': 22}","{'att': 289, 'def': 23}",1,3,1,1,0.10189999999999999,d,2020-11-28,0,1,0,1,-0.5037910000000001,Liverpool,LIV
87,Liverpool,h,1.59454,0.357753,1.59454,0.357753,"{'att': 232, 'def': 13}","{'att': 434, 'def': 21}",9,1,4,0,2.4284,w,2020-12-06,1,0,0,3,1.236787,Liverpool,LIV
87,Liverpool,a,1.82445,1.72509,1.06328,1.72509,"{'att': 87, 'def': 14}","{'att': 389, 'def': 12}",10,5,1,1,1.4207999999999998,d,2020-12-13,0,1,0,1,-0.66181,Liverpool,LIV
87,Liverpool,h,1.21783,1.5161,1.21783,1.5161,"{'att': 125, 'def': 17}","{'att': 379, 'def': 21}",18,0,2,1,1.0954000000000002,w,2020-12-16,1,0,0,3,-0.29827000000000004,Liverpool,LIV
87,Liverpool,a,2.86902,0.489318,2.86902,0.489318,"{'att': 203, 'def': 28}","{'att': 478, 'def': 21}",9,4,7,0,2.7944,w,2020-12-19,1,0,0,3,2.379702,Liverpool,LIV
87,Liverpool,h,1.45485,0.739845,1.45485,0.739845,"{'att': 75, 'def': 23}","{'att': 312, 'def': 8}",18,1,1,1,1.9223,d,2020-12-27,0,1,0,1,0.715005,Liverpool,LIV
87,Liverpool,a,1.32047,0.817935,1.32047,0.817935,"{'att': 101, 'def': 20}","{'att': 403, 'def': 15}",10,3,0,0,1.7947,d,2020-12-30,0,1,0,1,0.5025350000000001,Liverpool,LIV
87,Liverpool,a,1.37204,0.500436,1.37204,0.500436,"{'att': 185, 'def': 31}","{'att': 368, 'def': 19}",21,2,0,1,2.1035,l,2021-01-04,0,0,1,0,0.8716039999999999,Liverpool,LIV
87,Liverpool,h,1.20205,1.18929,1.20205,1.18929,"{'att': 190, 'def': 35}","{'att': 366, 'def': 19}",17,5,0,0,1.3448,d,2021-01-17,0,1,0,1,0.012760000000000105,Liverpool,LIV
87,Liverpool,h,1.64907,1.08059,1.64907,0.319419,"{'att': 122, 'def': 14}","{'att': 318, 'def': 11}",20,4,0,1,1.7749,l,2021-01-21,0,0,1,0,1.3296510000000001,Liverpool,LIV
87,Liverpool,a,2.58798,0.104586,2.58798,0.104586,"{'att': 364, 'def': 25}","{'att': 311, 'def': 21}",11,0,3,1,2.9502,w,2021-01-28,1,0,0,3,2.483394,Liverpool,LIV
87,Liverpool,a,2.05809,0.883061,2.05809,0.883061,"{'att': 209, 'def': 17}","{'att': 462, 'def': 11}",13,2,3,1,2.2973,w,2021-01-31,1,0,0,3,1.1750289999999999,Liverpool,LIV
87,Liverpool,h,1.09518,1.18977,1.09518,1.18977,"{'att': 225, 'def': 21}","{'att': 349, 'def': 12}",11,1,0,1,1.241,l,2021-02-03,0,0,1,0,-0.09458999999999995,Liverpool,LIV
87,Liverpool,h,1.17728,3.55196,0.416109,2.79079,"{'att': 326, 'def': 30}","{'att': 392, 'def': 19}",6,4,1,4,0.065,l,2021-02-07,0,0,1,0,-2.374681,Liverpool,LIV
87,Liverpool,a,1.68325,2.07383,1.68325,2.07383,"{'att': 227, 'def': 30}","{'att': 310, 'def': 23}",12,2,1,3,1.0683,l,2021-02-13,0,0,1,0,-0.39058000000000015,Liverpool,LIV
87,Liverpool,h,1.54046,2.01468,1.54046,1.25352,"{'att': 130, 'def': 20}","{'att': 379, 'def': 18}",14,1,0,2,1.0014,l,2021-02-20,0,0,1,0,0.28694,Liverpool,LIV
87,Liverpool,a,2.80551,0.777149,2.80551,0.777149,"{'att': 192, 'def': 15}","{'att': 358, 'def': 19}",6,3,2,0,2.6454999999999997,w,2021-02-28,1,0,0,3,2.028361,Liverpool,LIV
87,Liverpool,h,0.247034,1.22635,0.247034,1.22635,"{'att': 383, 'def': 32}","{'att': 376, 'def': 30}",10,12,0,1,0.4597,l,2021-03-04,0,0,1,0,-0.9793160000000001,Liverpool,LIV
88,Manchester City,a,2.07651,0.727677,1.31535,0.727677,"{'att': 228, 'def': 30}","{'att': 430, 'def': 14}",9,3,3,1,2.4074,w,2020-09-21,1,0,0,3,0.587673,Man City,MCI
88,Manchester City,h,1.44633,2.86721,1.44633,0.583704,"{'att': 144, 'def': 27}","{'att': 301, 'def': 12}",5,3,2,5,0.4174,l,2020-09-27,0,0,1,0,0.8626259999999999,Man City,MCI
88,Manchester City,a,1.41533,2.56662,1.41533,2.56662,"{'att': 273, 'def': 24}","{'att': 188, 'def': 24}",10,5,1,1,0.6604,d,2020-10-03,0,1,0,1,-1.15129,Man City,MCI
88,Manchester City,h,1.43023,0.838322,1.43023,0.838322,"{'att': 311, 'def': 23}","{'att': 346, 'def': 17}",7,3,1,0,1.8735,w,2020-10-17,1,0,0,3,0.5919079999999999,Man City,MCI
88,Manchester City,a,0.892456,0.263739,0.892456,0.263739,"{'att': 157, 'def': 12}","{'att': 406, 'def': 20}",13,2,1,1,1.9364,d,2020-10-24,0,1,0,1,0.628717,Man City,MCI
88,Manchester City,a,1.89643,0.687544,1.89643,0.687544,"{'att': 188, 'def': 12}","{'att': 449, 'def': 24}",9,3,1,0,2.3649,w,2020-10-31,1,0,0,3,1.2088860000000001,Man City,MCI
88,Manchester City,h,1.58487,1.18789,0.823706,0.426723,"{'att': 289, 'def': 26}","{'att': 363, 'def': 12}",4,8,1,1,1.7367,d,2020-11-08,0,1,0,1,0.39698300000000003,Man City,MCI
88,Manchester City,a,1.66325,0.761142,1.66325,0.761142,"{'att': 164, 'def': 25}","{'att': 295, 'def': 20}",9,2,0,2,2.0777,l,2020-11-21,0,0,1,0,0.9021079999999999,Man City,MCI
88,Manchester City,h,2.26129,0.419877,2.26129,0.419877,"{'att': 135, 'def': 16}","{'att': 448, 'def': 14}",13,4,5,0,2.6159,w,2020-11-28,1,0,0,3,1.8414129999999997,Man City,MCI
88,Manchester City,h,3.26328,0.287444,2.50211,0.287444,"{'att': 192, 'def': 30}","{'att': 501, 'def': 20}",14,0,2,0,2.9275,w,2020-12-05,1,0,0,3,2.2146660000000002,Man City,MCI
88,Manchester City,a,1.28434,0.591617,1.28434,0.591617,"{'att': 352, 'def': 19}","{'att': 353, 'def': 22}",11,5,0,0,1.9816,d,2020-12-12,0,1,0,1,0.6927230000000001,Man City,MCI
88,Manchester City,h,2.58593,0.210243,2.58593,0.210243,"{'att': 97, 'def': 14}","{'att': 315, 'def': 9}",16,0,1,1,2.8155999999999994,d,2020-12-15,0,1,0,1,2.3756869999999997,Man City,MCI
88,Manchester City,a,1.15599,0.586972,1.15599,0.586972,"{'att': 314, 'def': 24}","{'att': 340, 'def': 28}",8,7,1,0,1.8958,w,2020-12-19,1,0,0,3,0.569018,Man City,MCI
88,Manchester City,h,3.19575,0.200953,3.19575,0.200953,"{'att': 137, 'def': 10}","{'att': 493, 'def': 18}",18,2,2,0,2.9400999999999997,w,2020-12-26,1,0,0,3,2.9947969999999997,Man City,MCI
88,Manchester City,a,3.18063,0.691013,3.18063,0.691013,"{'att': 402, 'def': 30}","{'att': 338, 'def': 25}",11,6,3,1,2.7748,w,2021-01-03,1,0,0,3,2.489617,Man City,MCI
88,Manchester City,h,2.90855,0.177084,2.14738,0.177084,"{'att': 218, 'def': 20}","{'att': 370, 'def': 21}",13,4,1,0,2.9069000000000003,w,2021-01-13,1,0,0,3,1.970296,Man City,MCI
88,Manchester City,h,0.961088,0.0515836,0.961088,0.0515836,"{'att': 155, 'def': 30}","{'att': 411, 'def': 5}",5,3,4,0,2.2645,w,2021-01-17,1,0,0,3,0.9095044000000001,Man City,MCI
88,Manchester City,h,3.34385,0.601768,2.58268,0.601768,"{'att': 140, 'def': 17}","{'att': 312, 'def': 14}",21,3,2,0,2.8503000000000003,w,2021-01-20,1,0,0,3,1.980912,Man City,MCI
88,Manchester City,a,2.24838,0.568258,2.24838,0.568258,"{'att': 118, 'def': 15}","{'att': 486, 'def': 18}",15,3,5,0,2.6637,w,2021-01-26,1,0,0,3,1.680122,Man City,MCI
88,Manchester City,h,1.53116,0.154537,1.53116,0.154537,"{'att': 154, 'def': 15}","{'att': 425, 'def': 12}",6,6,1,0,2.6496,w,2021-01-30,1,0,0,3,1.3766230000000002,Man City,MCI
88,Manchester City,a,2.12153,0.0489155,2.12153,0.0489155,"{'att': 155, 'def': 13}","{'att': 437, 'def': 14}",12,5,2,0,2.8528000000000002,w,2021-02-03,1,0,0,3,2.0726145,Man City,MCI
88,Manchester City,a,3.55196,1.17728,2.79079,0.416109,"{'att': 392, 'def': 19}","{'att': 326, 'def': 30}",4,6,4,1,2.8931,w,2021-02-07,1,0,0,3,2.374681,Man City,MCI
88,Manchester City,h,2.46219,0.4235,1.70102,0.4235,"{'att': 296, 'def': 31}","{'att': 393, 'def': 20}",17,1,3,0,2.7367,w,2021-02-13,1,0,0,3,1.27752,Man City,MCI
88,Manchester City,a,1.23218,1.04664,1.23218,1.04664,"{'att': 173, 'def': 17}","{'att': 432, 'def': 16}",9,2,3,1,1.3965,w,2021-02-17,1,0,0,3,0.18554000000000004,Man City,MCI
88,Manchester City,a,2.08868,0.331188,2.08868,0.331188,"{'att': 314, 'def': 19}","{'att': 302, 'def': 18}",7,6,1,0,2.6313000000000004,w,2021-02-21,1,0,0,3,1.757492,Man City,MCI
88,Manchester City,h,0.760574,1.92892,0.760574,1.92892,"{'att': 239, 'def': 20}","{'att': 354, 'def': 16}",5,2,2,1,0.3903,w,2021-02-27,1,0,0,3,-1.168346,Man City,MCI
88,Manchester City,h,3.26196,0.318824,3.26196,0.318824,"{'att': 198, 'def': 28}","{'att': 452, 'def': 13}",20,1,4,1,2.9046000000000003,w,2021-03-02,1,0,0,3,2.943136,Man City,MCI
89,Manchester United,h,1.09737,1.91456,1.09737,1.15339,"{'att': 86, 'def': 26}","{'att': 299, 'def': 22}",9,4,1,3,0.7463000000000001,l,2020-09-19,0,0,1,0,-0.05601999999999996,Man Utd,MUN
89,Manchester United,a,1.57583,2.97659,0.814659,2.21546,"{'att': 267, 'def': 24}","{'att': 239, 'def': 36}",6,10,3,2,0.483,w,2020-09-26,1,0,0,3,-1.4008010000000002,Man Utd,MUN
89,Manchester United,h,0.873435,3.3017,0.112267,2.54054,"{'att': 477, 'def': 24}","{'att': 227, 'def': 34}",3,8,1,6,0.13019999999999998,l,2020-10-04,0,0,1,0,-2.428273,Man Utd,MUN
89,Manchester United,a,2.21729,0.867496,1.45612,0.867496,"{'att': 206, 'def': 34}","{'att': 340, 'def': 28}",12,3,4,1,2.3800999999999997,w,2020-10-17,1,0,0,3,0.588624,Man Utd,MUN
89,Manchester United,h,0.648427,0.219906,0.648427,0.219906,"{'att': 375, 'def': 17}","{'att': 323, 'def': 22}",6,1,0,0,1.7338,d,2020-10-24,0,1,0,1,0.428521,Man Utd,MUN
89,Manchester United,h,0.394113,0.998072,0.394113,0.236903,"{'att': 300, 'def': 17}","{'att': 320, 'def': 27}",10,7,0,1,0.6194,l,2020-11-01,0,0,1,0,0.15721,Man Utd,MUN
89,Manchester United,a,1.59642,0.376464,1.59642,0.376464,"{'att': 319, 'def': 26}","{'att': 254, 'def': 20}",7,9,3,1,2.3794,w,2020-11-07,1,0,0,3,1.2199559999999998,Man Utd,MUN
89,Manchester United,h,2.42994,0.438646,1.66881,0.438646,"{'att': 221, 'def': 29}","{'att': 324, 'def': 30}",20,2,1,0,2.7444,w,2020-11-21,1,0,0,3,1.2301639999999998,Man Utd,MUN
89,Manchester United,a,2.47547,0.498783,2.47547,0.498783,"{'att': 335, 'def': 28}","{'att': 287, 'def': 27}",9,0,3,2,2.6621,w,2020-11-29,1,0,0,3,1.976687,Man Utd,MUN
89,Manchester United,a,1.78708,2.53006,1.78708,2.53006,"{'att': 212, 'def': 16}","{'att': 402, 'def': 23}",6,5,3,1,0.8968,w,2020-12-05,1,0,0,3,-0.7429800000000002,Man Utd,MUN
89,Manchester United,h,0.591617,1.28434,0.591617,1.28434,"{'att': 353, 'def': 22}","{'att': 352, 'def': 19}",5,11,0,0,0.7336,d,2020-12-12,0,1,0,1,-0.6927230000000001,Man Utd,MUN
89,Manchester United,a,1.78667,1.23525,1.78667,1.23525,"{'att': 146, 'def': 14}","{'att': 312, 'def': 29}",6,10,3,2,1.8209,w,2020-12-17,1,0,0,3,0.55142,Man Utd,MUN
89,Manchester United,h,4.77743,1.63467,4.01626,1.63467,"{'att': 283, 'def': 18}","{'att': 175, 'def': 15}",12,5,6,2,2.7870999999999997,w,2020-12-20,1,0,0,3,2.38159,Man Utd,MUN
89,Manchester United,a,2.08423,1.0396,2.08423,1.0396,"{'att': 287, 'def': 31}","{'att': 279, 'def': 27}",6,1,2,2,2.1586,d,2020-12-26,0,1,0,1,1.0446299999999997,Man Utd,MUN
89,Manchester United,h,1.48207,0.411046,1.48207,0.411046,"{'att': 252, 'def': 23}","{'att': 290, 'def': 11}",10,3,1,0,2.4391,w,2020-12-29,1,0,0,3,1.071024,Man Utd,MUN
89,Manchester United,h,2.46473,1.56434,1.70357,1.56434,"{'att': 213, 'def': 28}","{'att': 214, 'def': 20}",10,5,2,1,1.988,w,2021-01-01,1,0,0,3,0.13922999999999996,Man Utd,MUN
89,Manchester United,a,1.23996,0.648582,1.23996,0.648582,"{'att': 157, 'def': 18}","{'att': 273, 'def': 25}",15,5,1,0,1.8329,w,2021-01-12,1,0,0,3,0.591378,Man Utd,MUN
89,Manchester United,a,1.18929,1.20205,1.18929,1.20205,"{'att': 366, 'def': 19}","{'att': 190, 'def': 35}",5,17,0,0,1.3472,d,2021-01-17,0,1,0,1,-0.012760000000000105,Man Utd,MUN
89,Manchester United,a,1.68401,0.753669,1.68401,0.753669,"{'att': 242, 'def': 33}","{'att': 338, 'def': 19}",7,4,2,1,2.133,w,2021-01-20,1,0,0,3,0.930341,Man Utd,MUN
89,Manchester United,h,0.9931,0.689548,0.9931,0.689548,"{'att': 108, 'def': 19}","{'att': 445, 'def': 26}",11,3,1,2,1.572,l,2021-01-27,0,0,1,0,0.30355199999999993,Man Utd,MUN
89,Manchester United,a,1.51332,0.747166,1.51332,0.747166,"{'att': 231, 'def': 20}","{'att': 299, 'def': 16}",8,2,0,0,2.053,d,2021-01-30,0,1,0,1,0.766154,Man Utd,MUN
89,Manchester United,h,5.0325,0.507893,4.27133,0.507893,"{'att': 123, 'def': 27}","{'att': 232, 'def': 16}",23,2,9,0,2.9823,w,2021-02-02,1,0,0,3,3.7634369999999997,Man Utd,MUN
89,Manchester United,h,1.71769,1.5571,1.71769,1.5571,"{'att': 256, 'def': 24}","{'att': 351, 'def': 10}",6,3,3,3,1.4781,d,2021-02-06,0,1,0,1,0.16059,Man Utd,MUN
89,Manchester United,a,0.423885,0.945964,0.423885,0.945964,"{'att': 111, 'def': 14}","{'att': 307, 'def': 12}",9,3,1,1,0.7859,d,2021-02-14,0,1,0,1,-0.522079,Man Utd,MUN
89,Manchester United,h,1.7256,0.341778,0.964431,0.341778,"{'att': 115, 'def': 18}","{'att': 380, 'def': 17}",10,1,3,1,2.5411,w,2021-02-21,1,0,0,3,0.622653,Man Utd,MUN
89,Manchester United,a,0.35954,1.17294,0.35954,1.17294,"{'att': 348, 'def': 34}","{'att': 227, 'def': 26}",4,1,0,0,0.5571999999999999,d,2021-02-28,0,1,0,1,-0.8134000000000001,Man Utd,MUN
89,Manchester United,a,0.584016,0.742397,0.584016,0.742397,"{'att': 204, 'def': 19}","{'att': 313, 'def': 19}",8,3,0,0,1.1122999999999998,d,2021-03-03,0,1,0,1,-0.158381,Man Utd,MUN
92,Burnley,a,1.52404,0.987365,1.52404,0.987365,"{'att': 338, 'def': 21}","{'att': 127, 'def': 17}",6,14,2,4,1.7849,l,2020-09-20,0,0,1,0,0.536675,Burnley,BUR
92,Burnley,h,0.347136,0.706632,0.347136,0.706632,"{'att': 230, 'def': 28}","{'att': 275, 'def': 20}",9,6,0,1,0.8712,l,2020-09-26,0,0,1,0,-0.35949600000000004,Burnley,BUR
92,Burnley,a,0.438849,1.95629,0.438849,1.19512,"{'att': 226, 'def': 24}","{'att': 249, 'def': 12}",10,4,1,3,0.25229999999999997,l,2020-10-03,0,0,1,0,-0.7562709999999999,Burnley,BUR
92,Burnley,a,1.08532,0.731692,1.08532,0.731692,"{'att': 253, 'def': 19}","{'att': 165, 'def': 20}",2,3,0,0,1.6791,d,2020-10-19,0,1,0,1,0.35362800000000005,Burnley,BUR
92,Burnley,h,0.95045,0.797344,0.95045,0.797344,"{'att': 342, 'def': 23}","{'att': 176, 'def': 18}",4,6,0,1,1.4596,l,2020-10-26,0,0,1,0,0.15310599999999996,Burnley,BUR
92,Burnley,h,0.407341,1.23077,0.407341,1.23077,"{'att': 440, 'def': 26}","{'att': 206, 'def': 23}",1,12,0,3,0.6019,l,2020-10-31,0,0,1,0,-0.823429,Burnley,BUR
92,Burnley,a,0.326933,1.59022,0.326933,1.59022,"{'att': 277, 'def': 20}","{'att': 221, 'def': 22}",2,16,0,0,0.4023,d,2020-11-06,0,1,0,1,-1.263287,Burnley,BUR
92,Burnley,h,1.75343,1.28331,1.75343,1.28331,"{'att': 255, 'def': 22}","{'att': 224, 'def': 14}",7,7,1,0,1.7437999999999998,w,2020-11-23,1,0,0,3,0.4701200000000001,Burnley,BUR
92,Burnley,a,0.419877,2.26129,0.419877,2.26129,"{'att': 448, 'def': 14}","{'att': 135, 'def': 16}",4,13,0,5,0.2558,l,2020-11-28,0,0,1,0,-1.8414129999999997,Burnley,BUR
92,Burnley,h,0.730434,2.28139,0.730434,2.28139,"{'att': 377, 'def': 23}","{'att': 210, 'def': 28}",6,10,1,1,0.3051,d,2020-12-05,0,1,0,1,-1.550956,Burnley,BUR
92,Burnley,a,0.815375,1.85362,0.815375,1.85362,"{'att': 297, 'def': 20}","{'att': 152, 'def': 16}",3,11,1,0,0.6237,w,2020-12-13,1,0,0,3,-1.038245,Burnley,BUR
92,Burnley,a,0.316737,1.81142,0.316737,1.81142,"{'att': 179, 'def': 31}","{'att': 111, 'def': 21}",1,9,0,0,0.3368,d,2020-12-17,0,1,0,1,-1.494683,Burnley,BUR
92,Burnley,h,1.20465,1.45722,1.20465,0.696055,"{'att': 253, 'def': 18}","{'att': 91, 'def': 20}",6,4,2,1,1.1299,w,2020-12-21,1,0,0,3,0.508595,Burnley,BUR
92,Burnley,a,1.54591,2.13271,1.54591,1.37154,"{'att': 263, 'def': 22}","{'att': 143, 'def': 14}",10,6,0,1,0.8887,l,2020-12-27,0,0,1,0,0.17436999999999991,Burnley,BUR
92,Burnley,h,0.973831,0.492578,0.973831,0.492578,"{'att': 248, 'def': 20}","{'att': 156, 'def': 19}",7,3,1,0,1.8470000000000002,w,2020-12-29,1,0,0,3,0.481253,Burnley,BUR
92,Burnley,h,0.648582,1.23996,0.648582,1.23996,"{'att': 273, 'def': 25}","{'att': 157, 'def': 18}",5,15,0,1,0.8648,l,2021-01-12,0,0,1,0,-0.591378,Burnley,BUR
92,Burnley,a,0.395668,1.73397,0.395668,1.73397,"{'att': 174, 'def': 19}","{'att': 202, 'def': 21}",5,4,0,1,0.3484,l,2021-01-16,0,0,1,0,-1.338302,Burnley,BUR
92,Burnley,a,1.08059,1.64907,0.319419,1.64907,"{'att': 318, 'def': 11}","{'att': 122, 'def': 14}",4,20,1,0,0.9483999999999999,w,2021-01-21,1,0,0,3,-1.3296510000000001,Burnley,BUR
92,Burnley,h,0.717681,2.70718,0.717681,2.70718,"{'att': 242, 'def': 30}","{'att': 97, 'def': 8}",2,7,3,2,0.2224,w,2021-01-27,1,0,0,3,-1.9894990000000001,Burnley,BUR
92,Burnley,a,0.390714,1.4405,0.390714,1.4405,"{'att': 393, 'def': 23}","{'att': 127, 'def': 20}",4,23,0,2,0.5115000000000001,l,2021-01-31,0,0,1,0,-1.0497859999999999,Burnley,BUR
92,Burnley,h,0.0489155,2.12153,0.0489155,2.12153,"{'att': 437, 'def': 14}","{'att': 155, 'def': 13}",5,12,0,2,0.0766,l,2021-02-03,0,0,1,0,-2.0726145,Burnley,BUR
92,Burnley,h,1.88934,0.612682,1.88934,0.612682,"{'att': 216, 'def': 12}","{'att': 229, 'def': 18}",13,5,1,1,2.3692,d,2021-02-06,0,1,0,1,1.276658,Burnley,BUR
92,Burnley,a,1.95502,0.645616,1.95502,0.645616,"{'att': 195, 'def': 25}","{'att': 167, 'def': 29}",4,10,3,0,2.3651999999999997,w,2021-02-13,1,0,0,3,1.309404,Burnley,BUR
92,Burnley,h,1.20642,0.594471,1.20642,0.594471,"{'att': 264, 'def': 25}","{'att': 180, 'def': 14}",5,4,1,1,1.9351000000000003,d,2021-02-17,0,1,0,1,0.6119490000000001,Burnley,BUR
92,Burnley,h,0.535153,1.71922,0.535153,1.71922,"{'att': 111, 'def': 25}","{'att': 190, 'def': 10}",3,4,0,0,0.3362,d,2021-02-20,0,1,0,1,-1.184067,Burnley,BUR
92,Burnley,a,0.603212,2.35788,0.603212,2.35788,"{'att': 420, 'def': 34}","{'att': 235, 'def': 11}",7,4,0,4,0.29479999999999995,l,2021-02-28,0,0,1,0,-1.7546680000000001,Burnley,BUR
92,Burnley,h,1.26793,1.24109,1.26793,1.24109,"{'att': 339, 'def': 18}","{'att': 133, 'def': 14}",7,6,1,1,1.392,d,2021-03-03,0,1,0,1,0.026839999999999975,Burnley,BUR
220,Brighton,h,1.44281,1.27062,1.44281,0.509456,"{'att': 271, 'def': 29}","{'att': 292, 'def': 23}",3,6,1,3,1.4766,l,2020-09-14,0,0,1,0,0.9333539999999999,Brighton,BHA
220,Brighton,a,1.8766,0.520678,1.11546,0.520678,"{'att': 206, 'def': 19}","{'att': 251, 'def': 21}",3,3,3,0,2.5109,w,2020-09-20,1,0,0,3,0.5947819999999999,Brighton,BHA
220,Brighton,h,2.97659,1.57583,2.21546,0.814659,"{'att': 239, 'def': 36}","{'att': 267, 'def': 24}",10,6,2,3,2.3391,l,2020-09-26,0,0,1,0,1.4008010000000002,Brighton,BHA
220,Brighton,a,1.16568,2.34034,1.16568,2.34034,"{'att': 275, 'def': 30}","{'att': 299, 'def': 33}",7,10,2,4,0.5306,l,2020-10-03,0,0,1,0,-1.1746599999999998,Brighton,BHA
220,Brighton,a,1.0935,0.761169,1.0935,0.0,"{'att': 147, 'def': 23}","{'att': 299, 'def': 22}",7,1,1,1,1.5263,d,2020-10-18,0,1,0,1,1.0935,Brighton,BHA
220,Brighton,h,0.546807,0.295654,0.546807,0.295654,"{'att': 257, 'def': 24}","{'att': 274, 'def': 19}",4,4,1,1,1.5782999999999998,d,2020-10-26,0,1,0,1,0.25115300000000007,Brighton,BHA
220,Brighton,a,0.324457,1.97236,0.324457,1.21119,"{'att': 207, 'def': 14}","{'att': 287, 'def': 30}",7,3,1,2,0.19219999999999998,l,2020-11-01,0,0,1,0,-0.886733,Brighton,BHA
220,Brighton,h,1.59022,0.326933,1.59022,0.326933,"{'att': 221, 'def': 22}","{'att': 277, 'def': 20}",16,2,0,0,2.3829,d,2020-11-06,0,1,0,1,1.263287,Brighton,BHA
220,Brighton,a,1.50038,1.76514,1.50038,1.76514,"{'att': 208, 'def': 17}","{'att': 257, 'def': 14}",4,6,2,1,1.1105,w,2020-11-21,1,0,0,3,-0.2647599999999999,Brighton,BHA
220,Brighton,h,2.30722,0.28109,0.784881,0.28109,"{'att': 289, 'def': 23}","{'att': 207, 'def': 22}",3,1,1,1,2.8297999999999996,d,2020-11-28,0,1,0,1,0.5037910000000001,Brighton,BHA
220,Brighton,h,2.03376,1.34801,1.27259,0.586839,"{'att': 206, 'def': 22}","{'att': 188, 'def': 31}",9,5,1,2,1.9165999999999999,l,2020-12-07,0,0,1,0,0.6857510000000001,Brighton,BHA
220,Brighton,a,0.791673,1.64351,0.791673,1.64351,"{'att': 263, 'def': 28}","{'att': 248, 'def': 19}",5,11,0,3,0.6848,l,2020-12-13,0,0,1,0,-0.8518370000000001,Brighton,BHA
220,Brighton,a,0.462456,1.00448,0.462456,1.00448,"{'att': 203, 'def': 27}","{'att': 250, 'def': 22}",4,5,0,0,0.7453000000000001,d,2020-12-16,0,1,0,1,-0.5420240000000001,Brighton,BHA
220,Brighton,h,2.90097,1.03713,2.90097,1.03713,"{'att': 76, 'def': 10}","{'att': 266, 'def': 11}",14,4,1,1,2.5735,d,2020-12-20,0,1,0,1,1.86384,Brighton,BHA
220,Brighton,a,1.50551,1.38877,1.50551,1.38877,"{'att': 198, 'def': 19}","{'att': 333, 'def': 18}",5,6,2,2,1.4502,d,2020-12-27,0,1,0,1,0.11673999999999984,Brighton,BHA
220,Brighton,h,0.799368,1.31394,0.799368,1.31394,"{'att': 330, 'def': 15}","{'att': 293, 'def': 14}",6,3,0,1,0.8689,l,2020-12-29,0,0,1,0,-0.5145720000000001,Brighton,BHA
220,Brighton,h,2.4228,1.81856,1.66163,1.05739,"{'att': 252, 'def': 35}","{'att': 345, 'def': 14}",12,1,3,3,1.8558,d,2021-01-02,0,1,0,1,0.6042399999999999,Brighton,BHA
220,Brighton,a,0.177084,2.90855,0.177084,2.14738,"{'att': 370, 'def': 21}","{'att': 218, 'def': 20}",4,13,0,1,0.053899999999999997,l,2021-01-13,0,0,1,0,-1.970296,Brighton,BHA
220,Brighton,a,1.14424,0.245193,1.14424,0.245193,"{'att': 347, 'def': 20}","{'att': 130, 'def': 16}",11,8,1,0,2.3265000000000002,w,2021-01-16,1,0,0,3,0.8990469999999999,Brighton,BHA
220,Brighton,h,2.29129,0.513226,2.29129,0.513226,"{'att': 233, 'def': 34}","{'att': 154, 'def': 18}",12,2,0,0,2.6220999999999997,d,2021-01-27,0,1,0,1,1.778064,Brighton,BHA
220,Brighton,h,1.77386,0.372524,1.77386,0.372524,"{'att': 293, 'def': 31}","{'att': 194, 'def': 16}",21,6,1,0,2.4952,w,2021-01-31,1,0,0,3,1.401336,Brighton,BHA
220,Brighton,a,1.18977,1.09518,1.18977,1.09518,"{'att': 349, 'def': 12}","{'att': 225, 'def': 21}",1,11,1,0,1.4462,w,2021-02-03,1,0,0,3,0.09458999999999995,Brighton,BHA
220,Brighton,a,0.612682,1.88934,0.612682,1.88934,"{'att': 229, 'def': 18}","{'att': 216, 'def': 12}",5,13,1,1,0.4456,d,2021-02-06,0,1,0,1,-1.276658,Brighton,BHA
220,Brighton,h,2.33232,0.144036,2.33232,0.144036,"{'att': 192, 'def': 22}","{'att': 245, 'def': 15}",16,4,0,0,2.8152,d,2021-02-13,0,1,0,1,2.1882840000000003,Brighton,BHA
220,Brighton,h,2.59204,0.179886,2.59204,0.179886,"{'att': 131, 'def': 23}","{'att': 387, 'def': 10}",13,0,1,2,2.8445,l,2021-02-22,0,0,1,0,2.412154,Brighton,BHA
220,Brighton,a,3.12111,0.687091,1.59881,0.687091,"{'att': 95, 'def': 25}","{'att': 314, 'def': 22}",10,2,0,1,2.8303000000000003,l,2021-02-27,0,0,1,0,0.9117190000000001,Brighton,BHA
228,Fulham,h,0.126327,2.16287,0.126327,2.16287,"{'att': 425, 'def': 13}","{'att': 307, 'def': 14}",0,11,0,3,0.0587,l,2020-09-12,0,0,1,0,-2.036543,Fulham,FUL
228,Fulham,a,1.55503,1.45254,0.793862,0.691368,"{'att': 245, 'def': 26}","{'att': 259, 'def': 34}",4,5,3,4,1.4255,l,2020-09-19,0,0,1,0,0.10249399999999997,Fulham,FUL
228,Fulham,h,0.534675,2.03222,0.534675,2.03222,"{'att': 143, 'def': 24}","{'att': 307, 'def': 33}",5,10,0,3,0.36819999999999997,l,2020-09-28,0,0,1,0,-1.4975450000000001,Fulham,FUL
228,Fulham,a,0.969393,0.89359,0.969393,0.89359,"{'att': 297, 'def': 14}","{'att': 321, 'def': 22}",6,2,0,1,1.418,l,2020-10-04,0,0,1,0,0.07580299999999995,Fulham,FUL
228,Fulham,a,1.35611,1.66363,0.594945,0.902464,"{'att': 216, 'def': 17}","{'att': 349, 'def': 23}",1,1,1,1,1.0473,d,2020-10-18,0,1,0,1,-0.3075190000000001,Fulham,FUL
228,Fulham,h,1.05258,2.81049,1.05258,2.81049,"{'att': 181, 'def': 29}","{'att': 323, 'def': 15}",8,9,1,2,0.33120000000000005,l,2020-10-24,0,0,1,0,-1.75791,Fulham,FUL
228,Fulham,h,1.62247,0.482685,1.62247,0.482685,"{'att': 287, 'def': 23}","{'att': 187, 'def': 37}",4,3,2,0,2.3381,w,2020-11-02,1,0,0,3,1.139785,Fulham,FUL
228,Fulham,a,1.84922,1.42614,1.08806,1.42614,"{'att': 303, 'def': 8}","{'att': 222, 'def': 20}",5,6,0,1,1.7197,l,2020-11-07,0,0,1,0,-0.33807999999999994,Fulham,FUL
228,Fulham,h,1.87028,2.2508,1.10911,2.2508,"{'att': 286, 'def': 27}","{'att': 286, 'def': 21}",9,9,2,3,1.0824,l,2020-11-22,0,0,1,0,-1.1416899999999999,Fulham,FUL
228,Fulham,a,2.03719,1.27814,1.27602,1.27814,"{'att': 384, 'def': 22}","{'att': 136, 'def': 24}",7,9,2,1,1.9729,w,2020-11-30,1,0,0,3,-0.002120000000000122,Fulham,FUL
228,Fulham,a,0.287444,3.26328,0.287444,2.50211,"{'att': 501, 'def': 20}","{'att': 192, 'def': 30}",0,14,0,2,0.0424,l,2020-12-05,0,0,1,0,-2.2146660000000002,Fulham,FUL
228,Fulham,h,1.72509,1.82445,1.72509,1.06328,"{'att': 389, 'def': 12}","{'att': 87, 'def': 14}",5,10,1,1,1.2945,d,2020-12-13,0,1,0,1,0.66181,Fulham,FUL
228,Fulham,h,1.00448,0.462456,1.00448,0.462456,"{'att': 250, 'def': 22}","{'att': 203, 'def': 27}",5,4,0,0,1.9177000000000002,d,2020-12-16,0,1,0,1,0.5420240000000001,Fulham,FUL
228,Fulham,a,1.10645,1.26725,1.10645,0.506084,"{'att': 271, 'def': 16}","{'att': 276, 'def': 19}",4,6,1,1,1.1552000000000002,d,2020-12-19,0,1,0,1,0.600366,Fulham,FUL
228,Fulham,h,0.781855,0.119709,0.781855,0.119709,"{'att': 224, 'def': 26}","{'att': 158, 'def': 35}",6,0,0,0,2.006,d,2020-12-26,0,1,0,1,0.662146,Fulham,FUL
228,Fulham,a,1.05329,3.14372,1.05329,3.14372,"{'att': 299, 'def': 32}","{'att': 258, 'def': 31}",7,3,1,1,0.28200000000000003,d,2021-01-13,0,1,0,1,-2.09043,Fulham,FUL
228,Fulham,h,0.46126,1.37939,0.46126,1.37939,"{'att': 424, 'def': 21}","{'att': 158, 'def': 24}",6,13,0,1,0.6173,l,2021-01-16,0,0,1,0,-0.9181299999999999,Fulham,FUL
228,Fulham,h,0.753669,1.68401,0.753669,1.68401,"{'att': 338, 'def': 19}","{'att': 242, 'def': 33}",4,7,1,2,0.6264,l,2021-01-20,0,0,1,0,-0.930341,Fulham,FUL
228,Fulham,a,0.513226,2.29129,0.513226,2.29129,"{'att': 154, 'def': 18}","{'att': 233, 'def': 34}",2,12,0,0,0.2521,d,2021-01-27,0,1,0,1,-1.778064,Fulham,FUL
228,Fulham,a,1.52044,0.994664,1.52044,0.994664,"{'att': 149, 'def': 17}","{'att': 319, 'def': 22}",7,0,2,2,1.772,d,2021-01-30,0,1,0,1,0.525776,Fulham,FUL
228,Fulham,h,0.731288,1.71299,0.731288,1.71299,"{'att': 253, 'def': 33}","{'att': 361, 'def': 19}",10,6,0,2,0.47209999999999996,l,2021-02-03,0,0,1,0,-0.981702,Fulham,FUL
228,Fulham,h,1.60884,0.943539,1.60884,0.943539,"{'att': 174, 'def': 16}","{'att': 351, 'def': 15}",12,2,0,0,1.8686,d,2021-02-06,0,1,0,1,0.665301,Fulham,FUL
228,Fulham,a,2.55085,0.314075,2.55085,0.314075,"{'att': 353, 'def': 30}","{'att': 289, 'def': 22}",9,1,2,0,2.8834,w,2021-02-14,1,0,0,3,2.236775,Fulham,FUL
228,Fulham,a,0.594471,1.20642,0.594471,1.20642,"{'att': 180, 'def': 14}","{'att': 264, 'def': 25}",4,5,1,1,0.7654,d,2021-02-17,0,1,0,1,-0.6119490000000001,Fulham,FUL
228,Fulham,h,1.21006,0.977747,1.21006,0.977747,"{'att': 143, 'def': 15}","{'att': 329, 'def': 32}",7,2,1,0,1.5197,w,2021-02-20,1,0,0,3,0.23231299999999988,Fulham,FUL
228,Fulham,a,0.813134,0.0880148,0.813134,0.0880148,"{'att': 206, 'def': 30}","{'att': 318, 'def': 33}",5,1,0,0,2.0315000000000003,d,2021-02-28,0,1,0,1,0.7251192,Fulham,FUL
228,Fulham,h,1.1715,1.5519,1.1715,1.5519,"{'att': 209, 'def': 28}","{'att': 323, 'def': 28}",9,7,0,1,1.0149,l,2021-03-04,0,0,1,0,-0.38040000000000007,Fulham,FUL
229,Wolverhampton Wanderers,a,1.61307,0.949316,1.61307,0.949316,"{'att': 188, 'def': 6}","{'att': 247, 'def': 30}",3,10,2,0,1.9139,w,2020-09-14,1,0,0,3,0.663754,Wolves,WOL
229,Wolverhampton Wanderers,h,0.727677,2.07651,0.727677,1.31535,"{'att': 430, 'def': 14}","{'att': 228, 'def': 30}",3,9,1,3,0.42200000000000004,l,2020-09-21,0,0,1,0,-0.587673,Wolves,WOL
229,Wolverhampton Wanderers,a,0.385152,3.05703,0.385152,3.05703,"{'att': 221, 'def': 27}","{'att': 370, 'def': 17}",4,1,0,4,0.0847,l,2020-09-27,0,0,1,0,-2.671878,Wolves,WOL
229,Wolverhampton Wanderers,h,0.89359,0.969393,0.89359,0.969393,"{'att': 321, 'def': 22}","{'att': 297, 'def': 14}",2,6,1,0,1.2287,w,2020-10-04,1,0,0,3,-0.07580299999999995,Wolves,WOL
229,Wolverhampton Wanderers,a,0.618191,1.08332,0.618191,1.08332,"{'att': 312, 'def': 26}","{'att': 132, 'def': 24}",2,14,1,0,0.9133,w,2020-10-19,1,0,0,3,-0.465129,Wolves,WOL
229,Wolverhampton Wanderers,h,0.758626,0.253685,0.758626,0.253685,"{'att': 265, 'def': 26}","{'att': 407, 'def': 13}",5,4,1,1,1.7854,d,2020-10-25,0,1,0,1,0.5049410000000001,Wolves,WOL
229,Wolverhampton Wanderers,h,1.34895,0.802767,1.34895,0.802767,"{'att': 374, 'def': 27}","{'att': 234, 'def': 14}",8,4,2,0,1.82,w,2020-10-30,1,0,0,3,0.5461830000000001,Wolves,WOL
229,Wolverhampton Wanderers,a,0.57936,2.0545,0.57936,0.532166,"{'att': 261, 'def': 10}","{'att': 296, 'def': 20}",6,1,0,1,0.2718,l,2020-11-08,0,0,1,0,0.04719399999999996,Wolves,WOL
229,Wolverhampton Wanderers,h,1.57479,1.0785,1.57479,1.0785,"{'att': 335, 'def': 27}","{'att': 235, 'def': 19}",5,10,1,1,1.7555999999999998,d,2020-11-23,0,1,0,1,0.4962899999999999,Wolves,WOL
229,Wolverhampton Wanderers,a,2.0069,1.1185,2.0069,1.1185,"{'att': 247, 'def': 14}","{'att': 225, 'def': 28}",6,12,2,1,2.069,w,2020-11-29,1,0,0,3,0.8883999999999999,Wolves,WOL
229,Wolverhampton Wanderers,a,0.357753,1.59454,0.357753,1.59454,"{'att': 434, 'def': 21}","{'att': 232, 'def': 13}",1,9,0,4,0.3728,l,2020-12-06,0,0,1,0,-1.236787,Wolves,WOL
229,Wolverhampton Wanderers,h,1.1356,1.26872,1.1356,0.507552,"{'att': 166, 'def': 20}","{'att': 162, 'def': 28}",6,5,0,1,1.1846999999999999,l,2020-12-12,0,0,1,0,0.6280479999999999,Wolves,WOL
229,Wolverhampton Wanderers,h,0.683783,1.56772,0.683783,1.56772,"{'att': 256, 'def': 13}","{'att': 227, 'def': 29}",4,6,2,1,0.6368,w,2020-12-15,1,0,0,3,-0.883937,Wolves,WOL
229,Wolverhampton Wanderers,a,1.45722,1.20465,0.696055,1.20465,"{'att': 91, 'def': 20}","{'att': 253, 'def': 18}",4,6,1,2,1.5739,l,2020-12-21,0,0,1,0,-0.508595,Wolves,WOL
229,Wolverhampton Wanderers,h,0.742598,0.408109,0.742598,0.408109,"{'att': 272, 'def': 41}","{'att': 301, 'def': 18}",5,5,1,1,1.6369,d,2020-12-27,0,1,0,1,0.334489,Wolves,WOL
229,Wolverhampton Wanderers,a,0.411046,1.48207,0.411046,1.48207,"{'att': 290, 'def': 11}","{'att': 252, 'def': 23}",3,10,0,1,0.3631,l,2020-12-29,0,0,1,0,-1.071024,Wolves,WOL
229,Wolverhampton Wanderers,a,1.81856,2.4228,1.05739,1.66163,"{'att': 345, 'def': 14}","{'att': 252, 'def': 35}",1,12,3,3,0.8768999999999999,d,2021-01-02,0,1,0,1,-0.6042399999999999,Wolves,WOL
229,Wolverhampton Wanderers,h,0.852495,0.323445,0.852495,0.323445,"{'att': 317, 'def': 21}","{'att': 332, 'def': 18}",4,9,1,2,1.8117,l,2021-01-12,0,0,1,0,0.52905,Wolves,WOL
229,Wolverhampton Wanderers,h,1.94358,2.46332,1.94358,0.940987,"{'att': 115, 'def': 17}","{'att': 308, 'def': 18}",5,7,2,3,0.9684999999999999,l,2021-01-16,0,0,1,0,1.002593,Wolves,WOL
229,Wolverhampton Wanderers,a,0.63192,0.663324,0.63192,0.663324,"{'att': 476, 'def': 6}","{'att': 137, 'def': 32}",1,6,0,0,1.3217,d,2021-01-27,0,1,0,1,-0.03140399999999999,Wolves,WOL
229,Wolverhampton Wanderers,a,0.450907,1.36877,0.450907,1.36877,"{'att': 318, 'def': 17}","{'att': 351, 'def': 18}",2,5,0,1,0.5049,l,2021-01-30,0,0,1,0,-0.9178630000000001,Wolves,WOL
229,Wolverhampton Wanderers,h,1.56162,0.716265,0.800456,0.716265,"{'att': 328, 'def': 13}","{'att': 337, 'def': 22}",2,5,2,1,2.121,w,2021-02-02,1,0,0,3,0.0841909999999999,Wolves,WOL
229,Wolverhampton Wanderers,h,1.35506,0.632232,1.35506,0.632232,"{'att': 341, 'def': 23}","{'att': 254, 'def': 34}",7,10,0,0,1.9977,d,2021-02-07,0,1,0,1,0.7228279999999999,Wolves,WOL
229,Wolverhampton Wanderers,a,1.09361,0.8536,0.33244,0.8536,"{'att': 292, 'def': 19}","{'att': 242, 'def': 21}",3,6,2,1,1.6020999999999999,w,2021-02-14,1,0,0,3,-0.5211600000000001,Wolves,WOL
229,Wolverhampton Wanderers,h,0.592049,2.4793,0.592049,2.4793,"{'att': 266, 'def': 27}","{'att': 147, 'def': 19}",1,6,1,0,0.2581,w,2021-02-19,1,0,0,3,-1.8872509999999998,Wolves,WOL
229,Wolverhampton Wanderers,a,1.27827,1.9519,1.27827,1.9519,"{'att': 218, 'def': 17}","{'att': 203, 'def': 34}",5,6,1,1,0.9012,d,2021-02-27,0,1,0,1,-0.67363,Wolves,WOL
229,Wolverhampton Wanderers,a,0.318824,3.26196,0.318824,3.26196,"{'att': 452, 'def': 13}","{'att': 198, 'def': 28}",1,20,1,4,0.0585,l,2021-03-02,0,0,1,0,-2.943136,Wolves,WOL
238,Sheffield United,h,0.949316,1.61307,0.949316,1.61307,"{'att': 247, 'def': 30}","{'att': 188, 'def': 6}",10,3,0,2,0.7955000000000001,l,2020-09-14,0,0,1,0,-0.663754,Sheffield Utd,SHU
238,Sheffield United,a,0.849709,0.80527,0.0885404,0.80527,"{'att': 247, 'def': 14}","{'att': 89, 'def': 20}",2,17,0,1,1.4646,l,2020-09-21,0,0,1,0,-0.7167296000000001,Sheffield Utd,SHU
238,Sheffield United,h,1.53278,1.46641,1.53278,1.46641,"{'att': 335, 'def': 29}","{'att': 152, 'def': 17}",11,2,0,1,1.4471999999999998,l,2020-09-27,0,0,1,0,0.06637000000000004,Sheffield Utd,SHU
238,Sheffield United,a,0.144994,0.667131,0.144994,0.667131,"{'att': 445, 'def': 23}","{'att': 167, 'def': 12}",3,4,1,2,0.658,l,2020-10-04,0,0,1,0,-0.5221370000000001,Sheffield Utd,SHU
238,Sheffield United,h,1.66363,1.35611,0.902464,0.594945,"{'att': 349, 'def': 23}","{'att': 216, 'def': 17}",1,1,1,1,1.6344,d,2020-10-18,0,1,0,1,0.3075190000000001,Sheffield Utd,SHU
238,Sheffield United,a,1.39788,2.40286,0.636707,2.40286,"{'att': 393, 'def': 20}","{'att': 170, 'def': 12}",8,7,1,2,0.6184,l,2020-10-24,0,0,1,0,-1.766153,Sheffield Utd,SHU
238,Sheffield United,h,0.687544,1.89643,0.687544,1.89643,"{'att': 449, 'def': 24}","{'att': 188, 'def': 12}",3,9,0,1,0.4224,l,2020-10-31,0,0,1,0,-1.2088860000000001,Sheffield Utd,SHU
238,Sheffield United,a,0.743967,2.87622,0.743967,2.87622,"{'att': 470, 'def': 16}","{'att': 145, 'def': 10}",5,14,1,4,0.1844,l,2020-11-07,0,0,1,0,-2.132253,Sheffield Utd,SHU
238,Sheffield United,h,0.692374,2.1142,0.692374,2.1142,"{'att': 232, 'def': 16}","{'att': 254, 'def': 17}",7,10,0,1,0.39990000000000003,l,2020-11-22,0,0,1,0,-1.4218259999999998,Sheffield Utd,SHU
238,Sheffield United,a,3.36544,1.71644,3.36544,1.71644,"{'att': 198, 'def': 15}","{'att': 182, 'def': 19}",11,6,0,1,2.3808,l,2020-11-28,0,0,1,0,1.649,Sheffield Utd,SHU
238,Sheffield United,h,0.290743,1.3904,0.290743,1.3904,"{'att': 366, 'def': 21}","{'att': 111, 'def': 20}",3,5,1,2,0.42510000000000003,l,2020-12-06,0,0,1,0,-1.099657,Sheffield Utd,SHU
238,Sheffield United,a,0.219115,2.27973,0.219115,2.27973,"{'att': 370, 'def': 28}","{'att': 94, 'def': 18}",1,7,0,3,0.1313,l,2020-12-13,0,0,1,0,-2.060615,Sheffield Utd,SHU
238,Sheffield United,h,1.23525,1.78667,1.23525,1.78667,"{'att': 312, 'def': 29}","{'att': 146, 'def': 14}",10,6,2,3,0.9158,l,2020-12-17,0,0,1,0,-0.55142,Sheffield Utd,SHU
238,Sheffield United,a,1.03713,2.90097,1.03713,2.90097,"{'att': 266, 'def': 11}","{'att': 76, 'def': 10}",4,14,1,1,0.2956,d,2020-12-20,0,1,0,1,-1.86384,Sheffield Utd,SHU
238,Sheffield United,h,1.25106,0.568803,1.25106,0.568803,"{'att': 323, 'def': 30}","{'att': 201, 'def': 18}",3,8,0,1,2.0613,l,2020-12-26,0,0,1,0,0.6822570000000001,Sheffield Utd,SHU
238,Sheffield United,a,0.492578,0.973831,0.492578,0.973831,"{'att': 156, 'def': 19}","{'att': 248, 'def': 20}",3,7,0,1,0.8198000000000001,l,2020-12-29,0,0,1,0,-0.481253,Sheffield Utd,SHU
238,Sheffield United,a,0.323158,0.598888,0.323158,0.598888,"{'att': 187, 'def': 28}","{'att': 301, 'def': 24}",7,5,0,2,0.9681,l,2021-01-02,0,0,1,0,-0.27573,Sheffield Utd,SHU
238,Sheffield United,h,2.01315,1.04745,1.25198,1.04745,"{'att': 136, 'def': 17}","{'att': 240, 'def': 10}",12,2,1,0,2.108,w,2021-01-12,1,0,0,3,0.2045300000000001,Sheffield Utd,SHU
238,Sheffield United,h,0.978133,1.28385,0.978133,1.28385,"{'att': 359, 'def': 28}","{'att': 187, 'def': 18}",5,8,1,3,1.0902999999999998,l,2021-01-17,0,0,1,0,-0.3057169999999999,Sheffield Utd,SHU
238,Sheffield United,a,0.689548,0.9931,0.689548,0.9931,"{'att': 445, 'def': 26}","{'att': 108, 'def': 19}",3,11,2,1,1.0848,w,2021-01-27,1,0,0,3,-0.30355199999999993,Sheffield Utd,SHU
238,Sheffield United,a,0.154537,1.53116,0.154537,1.53116,"{'att': 425, 'def': 12}","{'att': 154, 'def': 15}",6,6,0,1,0.2001,l,2021-01-30,0,0,1,0,-1.3766230000000002,Sheffield Utd,SHU
238,Sheffield United,h,1.35804,1.61871,1.35804,1.61871,"{'att': 115, 'def': 23}","{'att': 303, 'def': 17}",12,2,2,1,1.0617,w,2021-02-02,1,0,0,3,-0.2606700000000002,Sheffield Utd,SHU
238,Sheffield United,h,0.623045,1.64144,0.623045,0.880268,"{'att': 453, 'def': 23}","{'att': 149, 'def': 14}",4,9,1,2,0.49560000000000004,l,2021-02-07,0,0,1,0,-0.2572230000000001,Sheffield Utd,SHU
238,Sheffield United,a,0.926652,2.32735,0.926652,1.56618,"{'att': 246, 'def': 17}","{'att': 246, 'def': 14}",9,2,0,3,0.4209,l,2021-02-15,0,0,1,0,-0.6395279999999999,Sheffield Utd,SHU
238,Sheffield United,a,0.977747,1.21006,0.977747,1.21006,"{'att': 329, 'def': 32}","{'att': 143, 'def': 15}",2,7,0,1,1.1636,l,2021-02-20,0,0,1,0,-0.23231299999999988,Sheffield Utd,SHU
238,Sheffield United,h,0.777149,2.80551,0.777149,2.80551,"{'att': 358, 'def': 19}","{'att': 192, 'def': 15}",3,6,0,2,0.2464,l,2021-02-28,0,0,1,0,-2.028361,Sheffield Utd,SHU
238,Sheffield United,h,0.716254,1.44176,0.716254,1.44176,"{'att': 336, 'def': 23}","{'att': 129, 'def': 9}",5,16,1,0,0.754,w,2021-03-03,1,0,0,3,-0.725506,Sheffield Utd,SHU
245,Leeds,a,0.269813,3.15412,0.269813,1.63179,"{'att': 196, 'def': 21}","{'att': 308, 'def': 31}",2,19,3,4,0.0434,l,2020-09-12,0,0,1,0,-1.361977,Leeds,LEE
245,Leeds,h,1.45254,1.55503,0.691368,0.793862,"{'att': 259, 'def': 34}","{'att': 245, 'def': 26}",5,4,4,3,1.2608,w,2020-09-19,1,0,0,3,-0.10249399999999997,Leeds,LEE
245,Leeds,a,1.46641,1.53278,1.46641,1.53278,"{'att': 152, 'def': 17}","{'att': 335, 'def': 29}",2,11,1,0,1.2819,w,2020-09-27,1,0,0,3,-0.06637000000000004,Leeds,LEE
245,Leeds,h,2.56662,1.41533,2.56662,1.41533,"{'att': 188, 'def': 24}","{'att': 273, 'def': 24}",5,10,1,1,2.1571000000000002,d,2020-10-03,0,1,0,1,1.15129,Leeds,LEE
245,Leeds,h,1.08332,0.618191,1.08332,0.618191,"{'att': 132, 'def': 24}","{'att': 312, 'def': 26}",14,2,0,1,1.7532999999999999,l,2020-10-19,0,0,1,0,0.465129,Leeds,LEE
245,Leeds,a,2.37695,1.50125,2.37695,1.50125,"{'att': 124, 'def': 34}","{'att': 225, 'def': 17}",20,7,3,0,1.9651,w,2020-10-23,1,0,0,3,0.8756999999999999,Leeds,LEE
245,Leeds,h,1.74822,3.07657,1.74822,2.3154,"{'att': 155, 'def': 23}","{'att': 369, 'def': 10}",7,5,1,4,0.5166,l,2020-11-02,0,0,1,0,-0.5671799999999998,Leeds,LEE
245,Leeds,a,0.847913,1.30169,0.847913,1.30169,"{'att': 152, 'def': 37}","{'att': 352, 'def': 17}",6,8,1,4,0.9598,l,2020-11-07,0,0,1,0,-0.453777,Leeds,LEE
245,Leeds,h,1.9617,0.710778,1.9617,0.710778,"{'att': 179, 'def': 26}","{'att': 312, 'def': 20}",11,4,0,0,2.2817000000000003,d,2020-11-22,0,1,0,1,1.250922,Leeds,LEE
245,Leeds,a,3.11324,1.29229,3.11324,1.29229,"{'att': 205, 'def': 32}","{'att': 311, 'def': 19}",12,6,1,0,2.4936000000000003,w,2020-11-28,1,0,0,3,1.8209499999999998,Leeds,LEE
245,Leeds,a,1.0277,4.89472,1.0277,4.89472,"{'att': 202, 'def': 22}","{'att': 297, 'def': 31}",7,9,1,3,0.0351,l,2020-12-05,0,0,1,0,-3.86702,Leeds,LEE
245,Leeds,h,1.56644,1.7851,0.805276,1.7851,"{'att': 130, 'def': 24}","{'att': 327, 'def': 13}",8,7,1,2,1.228,l,2020-12-11,0,0,1,0,-0.9798239999999999,Leeds,LEE
245,Leeds,h,2.95137,1.44437,2.95137,1.44437,"{'att': 101, 'def': 24}","{'att': 251, 'def': 16}",16,3,5,2,2.363,w,2020-12-16,1,0,0,3,1.507,Leeds,LEE
245,Leeds,a,1.63467,4.77743,1.63467,4.01626,"{'att': 175, 'def': 15}","{'att': 283, 'def': 18}",5,12,2,6,0.15910000000000002,l,2020-12-20,0,0,1,0,-2.38159,Leeds,LEE
245,Leeds,h,2.13271,1.54591,1.37154,1.54591,"{'att': 143, 'def': 14}","{'att': 263, 'def': 22}",6,10,1,0,1.8538000000000001,w,2020-12-27,1,0,0,3,-0.17436999999999991,Leeds,LEE
245,Leeds,a,1.54225,0.43551,1.54225,0.43551,"{'att': 115, 'def': 16}","{'att': 482, 'def': 14}",13,1,5,0,2.2856,w,2020-12-29,1,0,0,3,1.1067399999999998,Leeds,LEE
245,Leeds,a,1.15626,2.5286,1.15626,1.76744,"{'att': 139, 'def': 26}","{'att': 365, 'def': 30}",11,7,0,3,0.5319,l,2021-01-02,0,0,1,0,-0.6111799999999998,Leeds,LEE
245,Leeds,h,0.245193,1.14424,0.245193,1.14424,"{'att': 130, 'def': 16}","{'att': 347, 'def': 20}",8,11,0,1,0.41879999999999995,l,2021-01-16,0,0,1,0,-0.8990469999999999,Leeds,LEE
245,Leeds,a,0.785914,1.1364,0.785914,1.1364,"{'att': 138, 'def': 26}","{'att': 246, 'def': 24}",14,5,2,1,1.0348000000000002,w,2021-01-26,1,0,0,3,-0.3504860000000001,Leeds,LEE
245,Leeds,a,1.8141,1.73432,1.8141,1.73432,"{'att': 217, 'def': 30}","{'att': 229, 'def': 28}",4,6,3,1,1.4327999999999999,w,2021-01-31,1,0,0,3,0.07977999999999996,Leeds,LEE
245,Leeds,h,1.14303,1.91539,1.14303,1.91539,"{'att': 174, 'def': 31}","{'att': 291, 'def': 20}",10,2,1,2,0.7528999999999999,l,2021-02-03,0,0,1,0,-0.7723599999999999,Leeds,LEE
245,Leeds,h,2.64769,0.370278,2.64769,0.370278,"{'att': 158, 'def': 23}","{'att': 490, 'def': 13}",7,4,2,0,2.7859000000000003,w,2021-02-08,1,0,0,3,2.277412,Leeds,LEE
245,Leeds,a,0.77074,2.50614,0.77074,1.74497,"{'att': 237, 'def': 24}","{'att': 288, 'def': 22}",7,13,2,4,0.2415,l,2021-02-14,0,0,1,0,-0.9742299999999999,Leeds,LEE
245,Leeds,a,2.4793,0.592049,2.4793,0.592049,"{'att': 147, 'def': 19}","{'att': 266, 'def': 27}",6,1,0,1,2.6173,l,2021-02-19,0,0,1,0,1.8872509999999998,Leeds,LEE
245,Leeds,h,1.84753,1.47981,1.84753,1.47981,"{'att': 195, 'def': 29}","{'att': 181, 'def': 28}",10,5,3,0,1.6148,w,2021-02-23,1,0,0,3,0.3677199999999998,Leeds,LEE
245,Leeds,h,1.00106,0.876255,1.00106,0.876255,"{'att': 89, 'def': 20}","{'att': 285, 'def': 25}",6,1,0,1,1.4385,l,2021-02-27,0,0,1,0,0.12480500000000005,Leeds,LEE
